{"stats":{"minecraft:broken":{"minecraft:iron_axe":2,"minecraft:stone_axe":2},"minecraft:mined":{"minecraft:white_bed":8,"minecraft:tuff":1,"minecraft:spruce_planks":83,"minecraft:mossy_cobblestone":15,"minecraft:candle":1,"minecraft:cobblestone_stairs":1,"minecraft:purple_candle":1,"minecraft:spruce_trapdoor":16,"minecraft:glow_lichen":1,"minecraft:grass_block":44,"minecraft:spruce_fence":2,"minecraft:decorated_pot":7,"minecraft:spruce_leaves":156,"minecraft:composter":3,"minecraft:kelp":1,"minecraft:large_fern":51,"minecraft:furnace":1,"minecraft:pumpkin":6,"minecraft:fletching_table":1,"minecraft:dirt_path":34,"minecraft:deepslate_iron_ore":4,"minecraft:rail":10,"minecraft:stone":27,"minecraft:spruce_slab":4,"minecraft:glass_pane":6,"minecraft:red_bed":2,"minecraft:smoker":2,"minecraft:spruce_door":1,"minecraft:clay":1,"minecraft:crafting_table":6,"minecraft:torch":6,"minecraft:short_grass":5,"minecraft:chest":3,"minecraft:campfire":2,"minecraft:copper_ore":2,"minecraft:cobblestone":128,"minecraft:grindstone":3,"minecraft:sugar_cane":9,"minecraft:blue_bed":17,"minecraft:spruce_stairs":4,"minecraft:purple_bed":9,"minecraft:cobblestone_wall":1,"minecraft:sweet_berry_bush":87,"minecraft:spruce_log":280,"minecraft:oak_log":10,"minecraft:coal_ore":11,"minecraft:gravel":1,"minecraft:dirt":8,"minecraft:cracked_stone_bricks":1,"minecraft:spruce_fence_gate":1,"minecraft:stone_bricks":1,"minecraft:oak_leaves":2,"minecraft:deepslate":13,"minecraft:fern":20,"minecraft:suspicious_gravel":1},"minecraft:killed_by":{"minecraft:zombie_villager":1,"minecraft:creeper":5,"minecraft:spider":2,"minecraft:enderman":1,"minecraft:iron_golem":1,"minecraft:skeleton":9,"minecraft:witch":1,"minecraft:zombie":5},"minecraft:custom":{"minecraft:mob_kills":55,"minecraft:interact_with_crafting_table":48,"minecraft:leave_game":6,"minecraft:time_since_death":63649,"minecraft:climb_one_cm":517,"minecraft:sprint_one_cm":544514,"minecraft:walk_one_cm":487644,"minecraft:drop":114,"minecraft:talked_to_villager":54,"minecraft:play_time":174617,"minecraft:sneak_time":15043,"minecraft:deaths":28,"minecraft:walk_under_water_one_cm":5956,"minecraft:boat_one_cm":153570,"minecraft:jump":2536,"minecraft:walk_on_water_one_cm":19169,"minecraft:total_world_time":174617,"minecraft:interact_with_furnace":10,"minecraft:traded_with_villager":65,"minecraft:sleep_in_bed":9,"minecraft:time_since_rest":57574,"minecraft:damage_taken":8824,"minecraft:damage_dealt":17814,"minecraft:swim_one_cm":41669,"minecraft:fly_one_cm":375329,"minecraft:open_chest":79,"minecraft:crouch_one_cm":55377,"minecraft:interact_with_smoker":3,"minecraft:fall_one_cm":51401},"minecraft:used":{"minecraft:purple_candle":3,"minecraft:iron_shovel":66,"minecraft:spruce_slab":8,"minecraft:chest":4,"minecraft:decorated_pot":2,"minecraft:spruce_planks":98,"minecraft:cooked_chicken":1,"minecraft:rotten_flesh":1,"minecraft:torch":30,"minecraft:dirt":84,"minecraft:cobblestone_wall":1,"minecraft:spruce_boat":2,"minecraft:iron_axe":485,"minecraft:spruce_button":1,"minecraft:stone_bricks":4,"minecraft:sweet_berries":39,"minecraft:oak_sapling":1,"minecraft:furnace":2,"minecraft:minecart":6,"minecraft:cobbled_deepslate":9,"minecraft:seagrass":2,"minecraft:pumpkin":2,"minecraft:iron_leggings":12,"minecraft:mossy_stone_bricks":1,"minecraft:stone_pickaxe":119,"minecraft:polished_andesite":1,"minecraft:wooden_pickaxe":28,"minecraft:composter":3,"minecraft:chainmail_helmet":9,"minecraft:spruce_fence_gate":1,"minecraft:blue_bed":15,"minecraft:fletching_table":1,"minecraft:mossy_cobblestone":5,"minecraft:rail":24,"minecraft:crafting_table":8,"minecraft:red_bed":1,"minecraft:white_bed":7,"minecraft:spruce_log":9,"minecraft:smoker":1,"minecraft:bread":23,"minecraft:iron_pickaxe":105,"minecraft:gravel":2,"minecraft:stone_axe":253,"minecraft:cobblestone":32,"minecraft:purple_bed":6,"minecraft:oak_boat":1},"minecraft:crafted":{"minecraft:oak_planks":40,"minecraft:spruce_button":29,"minecraft:cooked_chicken":1,"minecraft:furnace":2,"minecraft:iron_axe":3,"minecraft:spruce_slab":12,"minecraft:stone_pickaxe":4,"minecraft:chest":2,"minecraft:spruce_boat":3,"minecraft:rail":32,"minecraft:minecart":3,"minecraft:emerald":45,"minecraft:crafting_table":4,"minecraft:spruce_planks":1036,"minecraft:wooden_pickaxe":3,"minecraft:stone_axe":4,"minecraft:bread":120,"minecraft:air":0,"minecraft:oak_boat":1,"minecraft:stick":1692,"minecraft:iron_ingot":3,"minecraft:iron_shovel":1,"minecraft:composter":1,"minecraft:spruce_fence_gate":1,"minecraft:torch":60},"minecraft:dropped":{"minecraft:bread":82,"minecraft:candle":7,"minecraft:moss_block":1,"minecraft:mossy_cobblestone":1,"minecraft:decorated_pot":3,"minecraft:leather":7,"minecraft:cracked_stone_bricks":1,"minecraft:copper_ingot":8,"minecraft:spruce_door":1,"minecraft:flint":2,"minecraft:iron_axe":1,"minecraft:string":3,"minecraft:sweet_berries":24,"minecraft:raw_copper":4,"minecraft:rotten_flesh":4,"minecraft:clay_ball":4,"minecraft:poppy":6,"minecraft:spruce_boat":1,"minecraft:gunpowder":2,"minecraft:spruce_planks":2,"minecraft:mossy_stone_bricks":1,"minecraft:lingering_potion":1,"minecraft:stone_bricks":1,"minecraft:spruce_slab":2,"minecraft:wooden_pickaxe":2},"minecraft:picked_up":{"minecraft:lingering_potion":3,"minecraft:coarse_dirt":7,"minecraft:seagrass":2,"minecraft:charcoal":8,"minecraft:crafting_table":7,"minecraft:chicken":1,"minecraft:creeper_head":8,"minecraft:clay_ball":4,"minecraft:wooden_pickaxe":2,"minecraft:potion":16,"minecraft:stone_brick_stairs":6,"minecraft:string":88,"minecraft:red_bed":4,"minecraft:wayfinder_armor_trim_smithing_template":1,"minecraft:raw_copper":8,"minecraft:iron_axe":1,"minecraft:iron_leggings":29,"minecraft:creeper_banner_pattern":11,"minecraft:cracked_stone_bricks":12,"minecraft:cobbled_deepslate":12,"minecraft:candle":42,"minecraft:gold_nugget":1,"minecraft:spruce_planks":389,"minecraft:beef":24,"minecraft:oak_boat":1,"minecraft:poppy":9,"minecraft:spruce_slab":7,"minecraft:minecart":4,"minecraft:sugar_cane":69,"minecraft:chest":3,"minecraft:spruce_trapdoor":16,"minecraft:furnace":1,"minecraft:egg":1,"minecraft:stick":99,"minecraft:raw_iron":6,"minecraft:composter":3,"minecraft:copper_ingot":28,"minecraft:torch":45,"minecraft:spruce_stairs":4,"minecraft:spruce_fence":2,"minecraft:porkchop":27,"minecraft:music_disc_11":12,"minecraft:carrot":9,"minecraft:redstone":7,"minecraft:iron_horse_armor":9,"minecraft:purple_candle":3,"minecraft:arrow":71,"minecraft:honey_bottle":22,"minecraft:rotten_flesh":49,"minecraft:tropical_fish":32,"minecraft:decorated_pot":19,"minecraft:saddle":3,"minecraft:skeleton_skull":10,"minecraft:rail":10,"minecraft:cobblestone":194,"minecraft:leather_chestplate":1,"minecraft:leather":31,"minecraft:smoker":3,"minecraft:filled_map":2,"minecraft:flint":8,"minecraft:oak_log":10,"minecraft:cobblestone_wall":1,"minecraft:gunpowder":44,"minecraft:cobblestone_stairs":1,"minecraft:blue_bed":21,"minecraft:dirt":99,"minecraft:purple_carpet":2,"minecraft:bone":301,"minecraft:stone_bricks":59,"minecraft:wheat_seeds":9,"minecraft:grindstone":3,"minecraft:iron_ingot":40,"minecraft:stone_pickaxe":8,"minecraft:mossy_stone_bricks":4,"minecraft:fletching_table":1,"minecraft:glowstone_dust":1,"minecraft:moss_block":2,"minecraft:oak_planks":4,"minecraft:polished_andesite_stairs":1,"minecraft:pumpkin":14,"minecraft:sweet_berries":775,"minecraft:stone_brick_slab":2,"minecraft:gravel":6,"minecraft:spruce_sapling":63,"minecraft:white_bed":16,"minecraft:spruce_log":450,"minecraft:spruce_door":3,"minecraft:spider_eye":3,"minecraft:mossy_cobblestone":16,"minecraft:polished_andesite":11,"minecraft:spruce_fence_gate":1,"minecraft:lime_dye":1,"minecraft:purple_bed":12,"minecraft:spruce_boat":3,"minecraft:stone_axe":6,"minecraft:golden_apple":2,"minecraft:emerald":5,"minecraft:chainmail_helmet":12,"minecraft:bread":18,"minecraft:oak_sapling":1,"minecraft:melon_seeds":12,"minecraft:coal":11},"minecraft:killed":{"minecraft:witch":1,"minecraft:spider":3,"minecraft:skeleton":9,"minecraft:chicken":1,"minecraft:turtle":1,"minecraft:pig":5,"minecraft:iron_golem":11,"minecraft:creeper":3,"minecraft:zombie":13,"minecraft:enderman":1,"minecraft:cow":6}},"DataVersion":3953}