{"stats":{"minecraft:broken":{"minecraft:stone_axe":1},"minecraft:dropped":{"minecraft:candle":7,"minecraft:moss_block":1,"minecraft:decorated_pot":3,"minecraft:cracked_stone_bricks":1,"minecraft:copper_ingot":8,"minecraft:flint":2,"minecraft:string":3,"minecraft:raw_copper":4,"minecraft:rotten_flesh":4,"minecraft:gunpowder":2,"minecraft:mossy_stone_bricks":1,"minecraft:stone_bricks":1,"minecraft:wooden_pickaxe":2},"minecraft:crafted":{"minecraft:oak_planks":40,"minecraft:spruce_button":1,"minecraft:cooked_chicken":1,"minecraft:furnace":1,"minecraft:stone_pickaxe":4,"minecraft:crafting_table":4,"minecraft:spruce_planks":172,"minecraft:wooden_pickaxe":3,"minecraft:stone_axe":4,"minecraft:air":0,"minecraft:oak_boat":1,"minecraft:stick":60,"minecraft:torch":60},"minecraft:picked_up":{"minecraft:seagrass":2,"minecraft:charcoal":4,"minecraft:crafting_table":4,"minecraft:coarse_dirt":7,"minecraft:creeper_head":8,"minecraft:chicken":1,"minecraft:wooden_pickaxe":2,"minecraft:potion":16,"minecraft:stone_brick_stairs":6,"minecraft:red_bed":3,"minecraft:string":88,"minecraft:raw_copper":8,"minecraft:iron_leggings":28,"minecraft:creeper_banner_pattern":11,"minecraft:cracked_stone_bricks":12,"minecraft:cobbled_deepslate":12,"minecraft:gold_nugget":1,"minecraft:candle":42,"minecraft:spruce_planks":282,"minecraft:beef":17,"minecraft:oak_boat":1,"minecraft:sugar_cane":46,"minecraft:egg":1,"minecraft:furnace":1,"minecraft:stick":87,"minecraft:raw_iron":6,"minecraft:copper_ingot":28,"minecraft:torch":36,"minecraft:porkchop":27,"minecraft:music_disc_11":12,"minecraft:carrot":9,"minecraft:redstone":7,"minecraft:iron_horse_armor":9,"minecraft:purple_candle":3,"minecraft:honey_bottle":22,"minecraft:arrow":65,"minecraft:rotten_flesh":28,"minecraft:tropical_fish":32,"minecraft:decorated_pot":19,"minecraft:saddle":3,"minecraft:skeleton_skull":10,"minecraft:cobblestone":67,"minecraft:leather":17,"minecraft:smoker":3,"minecraft:filled_map":2,"minecraft:flint":8,"minecraft:oak_log":10,"minecraft:gunpowder":40,"minecraft:blue_bed":10,"minecraft:dirt":3,"minecraft:bone":273,"minecraft:stone_bricks":59,"minecraft:wheat_seeds":2,"minecraft:stone_pickaxe":7,"minecraft:mossy_stone_bricks":4,"minecraft:glowstone_dust":1,"minecraft:moss_block":2,"minecraft:oak_planks":4,"minecraft:polished_andesite_stairs":1,"minecraft:pumpkin":14,"minecraft:sweet_berries":549,"minecraft:stone_brick_slab":2,"minecraft:gravel":6,"minecraft:spruce_sapling":36,"minecraft:white_bed":11,"minecraft:spruce_log":220,"minecraft:spider_eye":3,"minecraft:mossy_cobblestone":1,"minecraft:polished_andesite":11,"minecraft:lime_dye":1,"minecraft:stone_axe":6,"minecraft:golden_apple":2,"minecraft:bread":11,"minecraft:chainmail_helmet":12,"minecraft:oak_sapling":1,"minecraft:coal":11,"minecraft:melon_seeds":12},"minecraft:killed":{"minecraft:witch":1,"minecraft:spider":2,"minecraft:skeleton":7,"minecraft:chicken":1,"minecraft:turtle":1,"minecraft:pig":5,"minecraft:creeper":2,"minecraft:zombie":11,"minecraft:cow":6,"minecraft:enderman":1},"minecraft:custom":{"minecraft:mob_kills":38,"minecraft:interact_with_crafting_table":20,"minecraft:leave_game":3,"minecraft:time_since_death":1421,"minecraft:climb_one_cm":300,"minecraft:sprint_one_cm":321736,"minecraft:walk_one_cm":191150,"minecraft:drop":19,"minecraft:talked_to_villager":2,"minecraft:play_time":87000,"minecraft:deaths":27,"minecraft:sneak_time":4316,"minecraft:walk_under_water_one_cm":5956,"minecraft:boat_one_cm":150856,"minecraft:jump":1260,"minecraft:walk_on_water_one_cm":19169,"minecraft:total_world_time":87000,"minecraft:interact_with_furnace":2,"minecraft:sleep_in_bed":4,"minecraft:time_since_rest":1684,"minecraft:damage_taken":7682,"minecraft:damage_dealt":7108,"minecraft:swim_one_cm":41669,"minecraft:fly_one_cm":187556,"minecraft:open_chest":32,"minecraft:crouch_one_cm":12956,"minecraft:interact_with_smoker":3,"minecraft:fall_one_cm":29773},"minecraft:killed_by":{"minecraft:zombie_villager":1,"minecraft:creeper":5,"minecraft:spider":2,"minecraft:enderman":1,"minecraft:skeleton":9,"minecraft:witch":1,"minecraft:zombie":5},"minecraft:used":{"minecraft:purple_candle":3,"minecraft:decorated_pot":2,"minecraft:spruce_planks":12,"minecraft:cooked_chicken":1,"minecraft:rotten_flesh":1,"minecraft:torch":22,"minecraft:spruce_button":1,"minecraft:stone_bricks":4,"minecraft:sweet_berries":37,"minecraft:oak_sapling":1,"minecraft:furnace":1,"minecraft:cobbled_deepslate":9,"minecraft:seagrass":2,"minecraft:pumpkin":2,"minecraft:iron_leggings":12,"minecraft:mossy_stone_bricks":1,"minecraft:stone_pickaxe":52,"minecraft:polished_andesite":1,"minecraft:wooden_pickaxe":28,"minecraft:chainmail_helmet":9,"minecraft:blue_bed":8,"minecraft:crafting_table":5,"minecraft:white_bed":2,"minecraft:smoker":1,"minecraft:bread":3,"minecraft:gravel":2,"minecraft:stone_axe":176,"minecraft:cobblestone":9,"minecraft:oak_boat":1},"minecraft:mined":{"minecraft:tuff":1,"minecraft:spruce_planks":5,"minecraft:white_bed":3,"minecraft:candle":1,"minecraft:purple_candle":1,"minecraft:glow_lichen":1,"minecraft:decorated_pot":7,"minecraft:spruce_leaves":15,"minecraft:kelp":1,"minecraft:large_fern":1,"minecraft:furnace":1,"minecraft:pumpkin":6,"minecraft:deepslate_iron_ore":4,"minecraft:stone":27,"minecraft:red_bed":1,"minecraft:smoker":2,"minecraft:crafting_table":3,"minecraft:torch":3,"minecraft:short_grass":3,"minecraft:campfire":1,"minecraft:copper_ore":2,"minecraft:cobblestone":11,"minecraft:sugar_cane":9,"minecraft:blue_bed":8,"minecraft:sweet_berry_bush":47,"minecraft:spruce_log":46,"minecraft:oak_log":10,"minecraft:coal_ore":11,"minecraft:gravel":1,"minecraft:cracked_stone_bricks":1,"minecraft:stone_bricks":1,"minecraft:oak_leaves":2,"minecraft:deepslate":13,"minecraft:fern":7,"minecraft:suspicious_gravel":1}},"DataVersion":3953}