{"stats":{"minecraft:picked_up":{"minecraft:crafting_table":6,"minecraft:azure_bluet":3,"minecraft:feather":4,"minecraft:splash_potion":1,"minecraft:chicken":7,"minecraft:leather":7,"minecraft:smoker":4,"minecraft:flint":1,"minecraft:oak_log":18,"minecraft:dirt":4,"minecraft:bone":6,"minecraft:wheat_seeds":2,"minecraft:beef":8,"minecraft:iron_pickaxe":1,"minecraft:furnace":1,"minecraft:raw_iron":105,"minecraft:cooked_porkchop":2,"minecraft:torch":6,"minecraft:dripstone_block":3,"minecraft:porkchop":10,"minecraft:blast_furnace":1,"minecraft:white_bed":2,"minecraft:dark_oak_planks":1,"minecraft:arrow":9,"minecraft:rotten_flesh":1,"minecraft:slime_ball":7,"minecraft:decorated_pot":1,"minecraft:hay_block":20,"minecraft:emerald":2,"minecraft:mutton":6,"minecraft:dark_oak_fence":5,"minecraft:coal":76,"minecraft:white_wool":4,"minecraft:cobblestone":63},"minecraft:crafted":{"minecraft:cooked_beef":8,"minecraft:smooth_stone":3,"minecraft:oak_planks":56,"minecraft:cooked_porkchop":8,"minecraft:crafting_table":1,"minecraft:iron_helmet":1,"minecraft:wooden_pickaxe":1,"minecraft:cooked_chicken":5,"minecraft:furnace":2,"minecraft:blast_furnace":1,"minecraft:stone":3,"minecraft:bucket":1,"minecraft:stone_axe":1,"minecraft:cooked_mutton":6,"minecraft:air":0,"minecraft:iron_boots":1,"minecraft:iron_chestplate":1,"minecraft:shield":1,"minecraft:stick":44,"minecraft:iron_ingot":40,"minecraft:stone_pickaxe":1,"minecraft:wooden_axe":1,"minecraft:stone_sword":1,"minecraft:iron_leggings":1,"minecraft:torch":140,"minecraft:smoker":1},"minecraft:custom":{"minecraft:interact_with_furnace":10,"minecraft:mob_kills":43,"minecraft:interact_with_crafting_table":17,"minecraft:open_barrel":1,"minecraft:leave_game":2,"minecraft:time_since_death":78225,"minecraft:sleep_in_bed":3,"minecraft:climb_one_cm":2633,"minecraft:time_since_rest":4722,"minecraft:sprint_one_cm":267953,"minecraft:damage_taken":1117,"minecraft:walk_one_cm":173845,"minecraft:damage_blocked_by_shield":589,"minecraft:drop":7,"minecraft:damage_dealt":5700,"minecraft:swim_one_cm":4818,"minecraft:talked_to_villager":1,"minecraft:fly_one_cm":324687,"minecraft:player_kills":1,"minecraft:open_chest":9,"minecraft:crouch_one_cm":10922,"minecraft:play_time":78225,"minecraft:sneak_time":4549,"minecraft:walk_under_water_one_cm":2441,"minecraft:jump":1825,"minecraft:interact_with_blast_furnace":9,"minecraft:walk_on_water_one_cm":18433,"minecraft:interact_with_smoker":14,"minecraft:total_world_time":78225,"minecraft:fall_one_cm":46790,"minecraft:horse_one_cm":8135},"minecraft:broken":{"minecraft:wooden_axe":1},"minecraft:mined":{"minecraft:dark_oak_planks":1,"minecraft:white_bed":1,"minecraft:dark_oak_leaves":1,"minecraft:smoker":4,"minecraft:crafting_table":6,"minecraft:torch":2,"minecraft:dark_oak_fence":6,"minecraft:short_grass":9,"minecraft:blast_furnace":1,"minecraft:grass_block":4,"minecraft:decorated_pot":1,"minecraft:tall_grass":4,"minecraft:cobblestone":1,"minecraft:wall_torch":2,"minecraft:large_fern":1,"minecraft:hay_block":20,"minecraft:furnace":1,"minecraft:iron_ore":97,"minecraft:fire":1,"minecraft:birch_leaves":1,"minecraft:coal_ore":70,"minecraft:oak_log":18,"minecraft:sunflower":1,"minecraft:dirt":1,"minecraft:packed_ice":25,"minecraft:stone":53,"minecraft:oak_leaves":6},"minecraft:killed":{"minecraft:pig":6,"minecraft:vindicator":2,"minecraft:sheep":4,"minecraft:skeleton":5,"minecraft:pillager":3,"minecraft:zombie":8,"minecraft:chicken":5,"minecraft:cow":6},"minecraft:used":{"minecraft:cooked_mutton":1,"minecraft:water_bucket":1,"minecraft:stone_sword":76,"minecraft:stone_pickaxe":74,"minecraft:wooden_pickaxe":5,"minecraft:shield":13,"minecraft:cooked_chicken":5,"minecraft:iron_chestplate":1,"minecraft:torch":146,"minecraft:dirt":4,"minecraft:crafting_table":6,"minecraft:blast_furnace":1,"minecraft:white_bed":1,"minecraft:smoker":4,"minecraft:wooden_axe":49,"minecraft:bread":5,"minecraft:iron_pickaxe":179,"minecraft:stone_axe":29,"minecraft:cobblestone":5,"minecraft:furnace":1,"minecraft:cooked_porkchop":10,"minecraft:bucket":2},"minecraft:dropped":{"minecraft:wheat_seeds":2,"minecraft:dripstone_block":3,"minecraft:decorated_pot":1,"minecraft:azure_bluet":3,"minecraft:flint":1,"minecraft:wooden_pickaxe":1}},"DataVersion":3953}