{"stats":{"minecraft:crafted":{"minecraft:oak_planks":176,"minecraft:smooth_stone":3,"minecraft:blaze_powder":2,"minecraft:cooked_chicken":5,"minecraft:stone":3,"minecraft:cooked_mutton":21,"minecraft:glass":3,"minecraft:iron_boots":2,"minecraft:chest":2,"minecraft:stone_hoe":1,"minecraft:oak_fence":42,"minecraft:smoker":2,"minecraft:glass_bottle":3,"minecraft:oak_slab":6,"minecraft:cooked_porkchop":39,"minecraft:crafting_table":4,"minecraft:wooden_pickaxe":1,"minecraft:iron_helmet":2,"minecraft:baked_potato":18,"minecraft:fletching_table":1,"minecraft:brewing_stand":1,"minecraft:iron_chestplate":2,"minecraft:diamond_pickaxe":1,"minecraft:shield":1,"minecraft:stick":160,"minecraft:iron_pickaxe":1,"minecraft:iron_ingot":118,"minecraft:stone_sword":1,"minecraft:coal":27,"minecraft:furnace":4,"minecraft:blast_furnace":1,"minecraft:bone_meal":45,"minecraft:white_carpet":3,"minecraft:flint_and_steel":1,"minecraft:iron_axe":1,"minecraft:stone_pickaxe":1,"minecraft:cooked_beef":8,"minecraft:coal_block":1,"minecraft:bucket":3,"minecraft:stone_axe":1,"minecraft:enchanted_book":6,"minecraft:air":0,"minecraft:jungle_planks":60,"minecraft:oak_boat":1,"minecraft:wooden_axe":1,"minecraft:iron_leggings":2,"minecraft:torch":476},"minecraft:picked_up":{"minecraft:iron_chestplate":2,"minecraft:wheat":3,"minecraft:potion":3,"minecraft:string":9,"minecraft:iron_leggings":3,"minecraft:experience_bottle":13,"minecraft:cobbled_deepslate":49,"minecraft:spruce_planks":8,"minecraft:trial_key":22,"minecraft:azalea":5,"minecraft:iron_pickaxe":4,"minecraft:coal_block":126,"minecraft:enchanted_golden_apple":2,"minecraft:melon_slice":34,"minecraft:furnace":1,"minecraft:iron_boots":2,"minecraft:tipped_arrow":2,"minecraft:stick":35,"minecraft:big_dripleaf":2,"minecraft:torch":40,"minecraft:porkchop":49,"minecraft:waxed_copper_grate":1,"minecraft:stone_sword":2,"minecraft:cactus":3,"minecraft:rotten_flesh":64,"minecraft:tropical_fish":2,"minecraft:blaze_rod":14,"minecraft:cod":7,"minecraft:cobblestone":122,"minecraft:magma_block":12,"minecraft:leather_chestplate":2,"minecraft:feather":24,"minecraft:water_bucket":1,"minecraft:jungle_log":19,"minecraft:copper_block":1,"minecraft:smoker":4,"minecraft:potato":58,"minecraft:flint":5,"minecraft:dirt":98,"minecraft:name_tag":1,"minecraft:bone":96,"minecraft:bow":8,"minecraft:wheat_seeds":29,"minecraft:glowstone_dust":63,"minecraft:moss_block":5,"minecraft:oak_planks":35,"minecraft:cooked_porkchop":116,"minecraft:music_disc_13":1,"minecraft:axolotl_bucket":1,"minecraft:sand":84,"minecraft:mossy_cobblestone":2,"minecraft:diamond":20,"minecraft:cracked_polished_blackstone_bricks":1,"minecraft:granite":30,"minecraft:breeze_rod":14,"minecraft:golden_apple":1,"minecraft:emerald":17,"minecraft:chainmail_helmet":1,"minecraft:bread":8,"minecraft:oak_sapling":7,"minecraft:netherrack":446,"minecraft:dark_oak_fence":10,"minecraft:crafting_table":9,"minecraft:azure_bluet":8,"minecraft:ominous_bottle":4,"minecraft:splash_potion":1,"minecraft:chicken":17,"minecraft:nether_wart":53,"minecraft:clay_ball":54,"minecraft:leather_leggings":2,"minecraft:brown_mushroom":2,"minecraft:wooden_pickaxe":2,"minecraft:shield":2,"minecraft:red_bed":2,"minecraft:moss_carpet":23,"minecraft:iron_axe":2,"minecraft:wooden_sword":2,"minecraft:flint_and_steel":2,"minecraft:blackstone":14,"minecraft:cracked_stone_bricks":3,"minecraft:candle":5,"minecraft:beef":17,"minecraft:oak_boat":10,"minecraft:sugar_cane":33,"minecraft:birch_sapling":6,"minecraft:waxed_oxidized_copper":11,"minecraft:egg":1,"minecraft:raw_iron":193,"minecraft:copper_ingot":20,"minecraft:cake":2,"minecraft:carrot":170,"minecraft:redstone":20,"minecraft:dark_oak_planks":2,"minecraft:arrow":111,"minecraft:decorated_pot":1,"minecraft:nether_bricks":17,"minecraft:hay_block":21,"minecraft:flow_armor_trim_smithing_template":2,"minecraft:glow_berries":1,"minecraft:mutton":18,"minecraft:white_wool":23,"minecraft:basalt":29,"minecraft:golden_carrot":3,"minecraft:leather":15,"minecraft:filled_map":1,"minecraft:birch_planks":242,"minecraft:waxed_copper_bulb":2,"minecraft:oak_log":55,"minecraft:ancient_debris":2,"minecraft:nether_wart_block":2,"minecraft:gunpowder":2,"minecraft:stone_bricks":1,"minecraft:kelp":10,"minecraft:iron_ingot":56,"minecraft:stone_pickaxe":4,"minecraft:cooked_chicken":1,"minecraft:arms_up_pottery_sherd":2,"minecraft:iron_sword":4,"minecraft:flowering_azalea":6,"minecraft:soul_sand":24,"minecraft:sculk_catalyst":1,"minecraft:warped_fungus":2,"minecraft:sweet_berries":31,"minecraft:quartz":10,"minecraft:dripstone_block":3,"minecraft:gravel":39,"minecraft:spruce_sapling":4,"minecraft:blast_furnace":3,"minecraft:white_bed":6,"minecraft:spruce_log":12,"minecraft:spider_eye":6,"minecraft:leather_helmet":3,"minecraft:slime_ball":7,"minecraft:iron_helmet":2,"minecraft:polished_blackstone_brick_wall":1,"minecraft:baked_potato":4,"minecraft:coal":195,"minecraft:ender_pearl":3},"minecraft:custom":{"minecraft:animals_bred":5,"minecraft:interact_with_crafting_table":50,"minecraft:open_barrel":10,"minecraft:eat_cake_slice":4,"minecraft:leave_game":12,"minecraft:time_since_death":122534,"minecraft:sprint_one_cm":1879731,"minecraft:damage_blocked_by_shield":3234,"minecraft:drop":170,"minecraft:talked_to_villager":267,"minecraft:play_time":993411,"minecraft:deaths":8,"minecraft:jump":14195,"minecraft:interact_with_brewingstand":13,"minecraft:walk_on_water_one_cm":83113,"minecraft:interact_with_furnace":19,"minecraft:traded_with_villager":6,"minecraft:sleep_in_bed":29,"minecraft:damage_dealt":56083,"minecraft:player_kills":7,"minecraft:crouch_one_cm":83439,"minecraft:interact_with_smoker":44,"minecraft:inspect_dispenser":9,"minecraft:horse_one_cm":8135,"minecraft:interact_with_anvil":1,"minecraft:mob_kills":324,"minecraft:climb_one_cm":18507,"minecraft:walk_one_cm":1270599,"minecraft:sneak_time":33039,"minecraft:walk_under_water_one_cm":108960,"minecraft:boat_one_cm":563340,"minecraft:interact_with_blast_furnace":49,"minecraft:total_world_time":993411,"minecraft:time_since_rest":50879,"minecraft:damage_taken":11022,"minecraft:swim_one_cm":163184,"minecraft:fly_one_cm":4036560,"minecraft:open_chest":129,"minecraft:fall_one_cm":351040},"minecraft:broken":{"minecraft:iron_boots":1,"minecraft:iron_chestplate":1,"minecraft:iron_leggings":1,"minecraft:stone_axe":1,"minecraft:iron_sword":1,"minecraft:wooden_axe":1,"minecraft:iron_pickaxe":4,"minecraft:iron_helmet":1},"minecraft:mined":{"minecraft:dark_oak_planks":1,"minecraft:spruce_planks":2,"minecraft:white_bed":2,"minecraft:jungle_leaves":3,"minecraft:granite":13,"minecraft:grass_block":15,"minecraft:jungle_log":19,"minecraft:polished_blackstone_brick_slab":1,"minecraft:chiseled_tuff_bricks":1,"minecraft:nether_wart":31,"minecraft:tuff_bricks":5,"minecraft:spawner":2,"minecraft:polished_blackstone_bricks":1,"minecraft:magma_block":12,"minecraft:glowstone":27,"minecraft:iron_ore":186,"minecraft:cobbled_deepslate":1,"minecraft:fire":33,"minecraft:flowering_azalea_leaves":14,"minecraft:azalea_leaves":56,"minecraft:tripwire":1,"minecraft:deepslate_redstone_ore":2,"minecraft:red_bed":2,"minecraft:blackstone":15,"minecraft:kelp_plant":2,"minecraft:smoker":4,"minecraft:crimson_nylium":2,"minecraft:soul_fire":2,"minecraft:powder_snow":25,"minecraft:torch":7,"minecraft:blast_furnace":3,"minecraft:melon":7,"minecraft:dead_bush":1,"minecraft:nether_quartz_ore":12,"minecraft:cobblestone":1,"minecraft:sugar_cane":14,"minecraft:oak_planks":1,"minecraft:waxed_chiseled_copper":1,"minecraft:wall_torch":3,"minecraft:seagrass":4,"minecraft:waxed_copper_bulb":1,"minecraft:nether_wart_block":2,"minecraft:birch_log":3,"minecraft:wheat":3,"minecraft:warped_fungus":1,"minecraft:copper_block":1,"minecraft:oak_log":52,"minecraft:waxed_oxidized_copper":12,"minecraft:sand":55,"minecraft:dirt":17,"minecraft:ancient_debris":2,"minecraft:netherrack":590,"minecraft:oak_leaves":65,"minecraft:deepslate":78,"minecraft:mossy_cobblestone":2,"minecraft:dark_oak_leaves":3,"minecraft:deepslate_diamond_ore":12,"minecraft:candle":1,"minecraft:nether_bricks":19,"minecraft:dark_oak_fence":6,"minecraft:decorated_pot":1,"minecraft:jungle_planks":2,"minecraft:spruce_leaves":60,"minecraft:rooted_dirt":1,"minecraft:large_fern":2,"minecraft:hay_block":20,"minecraft:furnace":1,"minecraft:carrots":10,"minecraft:waxed_copper_grate":1,"minecraft:andesite":7,"minecraft:potatoes":16,"minecraft:deepslate_iron_ore":4,"minecraft:vine":16,"minecraft:packed_ice":26,"minecraft:stone":178,"minecraft:white_wool":2,"minecraft:soul_sand":24,"minecraft:basalt":27,"minecraft:polished_blackstone_brick_wall":1,"minecraft:crafting_table":9,"minecraft:short_grass":93,"minecraft:tall_grass":6,"minecraft:copper_ore":3,"minecraft:deepslate_gold_ore":3,"minecraft:birch_planks":3,"minecraft:sweet_berry_bush":10,"minecraft:spruce_log":12,"minecraft:birch_leaves":21,"minecraft:coal_ore":157,"minecraft:mycelium":77,"minecraft:sunflower":1,"minecraft:gravel":40,"minecraft:fern":28},"minecraft:killed":{"minecraft:spider":9,"minecraft:cod":10,"minecraft:skeleton":85,"minecraft:chicken":22,"minecraft:silverfish":16,"minecraft:wolf":1,"minecraft:pig":23,"minecraft:zombie_villager":1,"minecraft:sheep":11,"minecraft:pillager":20,"minecraft:zombie":48,"minecraft:mooshroom":1,"minecraft:stray":1,"minecraft:cow":8,"minecraft:blaze":4,"minecraft:vindicator":2,"minecraft:warden":1,"minecraft:ocelot":1,"minecraft:husk":17,"minecraft:polar_bear":1,"minecraft:breeze":4,"minecraft:wither_skeleton":2,"minecraft:villager":17,"minecraft:enderman":1},"minecraft:used":{"minecraft:moss_carpet":3,"minecraft:chest":4,"minecraft:shield":94,"minecraft:nether_wart":21,"minecraft:iron_sword":712,"minecraft:rotten_flesh":3,"minecraft:iron_chestplate":3,"minecraft:soul_sand":10,"minecraft:mutton":1,"minecraft:nether_bricks":17,"minecraft:jungle_planks":32,"minecraft:carrot":45,"minecraft:waxed_copper_grate":1,"minecraft:axolotl_bucket":4,"minecraft:obsidian":63,"minecraft:warden_spawn_egg":1,"minecraft:lava_bucket":1,"minecraft:villager_spawn_egg":25,"minecraft:polished_blackstone_brick_wall":1,"minecraft:iron_helmet":2,"minecraft:hay_block":20,"minecraft:sweet_berries":31,"minecraft:oak_sapling":3,"minecraft:furnace":2,"minecraft:egg":27,"minecraft:potato":15,"minecraft:leather_leggings":1,"minecraft:oak_planks":118,"minecraft:stone_pickaxe":74,"minecraft:cactus":3,"minecraft:blackstone":3,"minecraft:wooden_pickaxe":5,"minecraft:composter":3,"minecraft:sugar_cane":24,"minecraft:white_wool":2,"minecraft:glow_berries":1,"minecraft:golden_apple":1,"minecraft:sand":41,"minecraft:blast_furnace":5,"minecraft:mace":26,"minecraft:melon_slice":34,"minecraft:bread":43,"minecraft:string":1,"minecraft:lectern":216,"minecraft:gravel":25,"minecraft:nether_wart_block":2,"minecraft:oak_boat":9,"minecraft:waxed_copper_bulb":2,"minecraft:bone_meal":38,"minecraft:oak_trapdoor":18,"minecraft:azalea":1,"minecraft:oak_fence":42,"minecraft:netherite_sword":28,"minecraft:stone_sword":96,"minecraft:flint_and_steel":17,"minecraft:spruce_planks":4,"minecraft:trial_key":3,"minecraft:stone_hoe":86,"minecraft:cooked_chicken":6,"minecraft:netherrack":304,"minecraft:torch":534,"minecraft:brewing_stand":1,"minecraft:dirt":110,"minecraft:anvil":2,"minecraft:white_carpet":3,"minecraft:iron_hoe":48,"minecraft:wooden_axe":49,"minecraft:iron_axe":284,"minecraft:chicken_spawn_egg":10,"minecraft:iron_boots":1,"minecraft:basalt":29,"minecraft:beef":4,"minecraft:wolf_spawn_egg":1,"minecraft:goat_horn":1,"minecraft:cooked_beef":4,"minecraft:cobbled_deepslate":26,"minecraft:iron_leggings":2,"minecraft:wheat_seeds":53,"minecraft:cooked_mutton":19,"minecraft:water_bucket":22,"minecraft:birch_planks":2,"minecraft:glass_bottle":3,"minecraft:baked_potato":22,"minecraft:copper_block":1,"minecraft:fletching_table":9,"minecraft:mossy_cobblestone":1,"minecraft:oak_slab":2,"minecraft:crafting_table":12,"minecraft:red_bed":5,"minecraft:white_bed":3,"minecraft:cod":7,"minecraft:cake":2,"minecraft:smoker":7,"minecraft:diamond_pickaxe":384,"minecraft:apple":11,"minecraft:wind_charge":47,"minecraft:cracked_polished_blackstone_bricks":1,"minecraft:iron_pickaxe":944,"minecraft:leather_helmet":1,"minecraft:stone_axe":96,"minecraft:cobblestone":42,"minecraft:porkchop":14,"minecraft:cooked_porkchop":56,"minecraft:bucket":21,"minecraft:kelp":10,"minecraft:candle":4},"minecraft:dropped":{"minecraft:iron_sword":1,"minecraft:soul_sand":4,"minecraft:moss_block":5,"minecraft:birch_planks":241,"minecraft:warped_fungus":2,"minecraft:cooked_beef":2,"minecraft:cooked_porkchop":15,"minecraft:decorated_pot":1,"minecraft:leather":4,"minecraft:leather_helmet":2,"minecraft:flint":2,"minecraft:emerald":8,"minecraft:dirt":5,"minecraft:dark_oak_fence":10,"minecraft:wooden_sword":2,"minecraft:sand":6,"minecraft:dark_oak_planks":2,"minecraft:white_wool":9,"minecraft:bone":9,"minecraft:gravel":2,"minecraft:birch_sapling":6,"minecraft:rotten_flesh":49,"minecraft:oak_planks":14,"minecraft:azure_bluet":8,"minecraft:white_bed":2,"minecraft:carrot":712,"minecraft:leather_chestplate":2,"minecraft:gunpowder":2,"minecraft:azalea":1,"minecraft:arms_up_pottery_sherd":1,"minecraft:leather_leggings":1,"minecraft:arrow":49,"minecraft:beef":2,"minecraft:iron_ingot":64,"minecraft:bread":5,"minecraft:wheat_seeds":13,"minecraft:mossy_cobblestone":1,"minecraft:dripstone_block":3,"minecraft:feather":4,"minecraft:cobblestone":12,"minecraft:apple":7,"minecraft:granite":30,"minecraft:tropical_fish":2,"minecraft:chainmail_helmet":1,"minecraft:stick":9,"minecraft:golden_carrot":3,"minecraft:torch":8,"minecraft:waxed_oxidized_copper":11,"minecraft:potion":1,"minecraft:iron_leggings":1,"minecraft:flowering_azalea":4,"minecraft:string":7,"minecraft:moss_carpet":5,"minecraft:stone_sword":3,"minecraft:experience_bottle":13,"minecraft:clay_ball":27,"minecraft:filled_map":2,"minecraft:hay_block":1,"minecraft:trial_key":3,"minecraft:spruce_planks":4,"minecraft:iron_chestplate":1,"minecraft:oak_boat":2,"minecraft:spider_eye":6,"minecraft:spruce_log":12,"minecraft:bow":4,"minecraft:stone_pickaxe":5,"minecraft:wooden_pickaxe":3,"minecraft:magma_block":12},"minecraft:killed_by":{"minecraft:creeper":2,"minecraft:player":2,"minecraft:spider":1}},"DataVersion":3953}