{"stats":{"minecraft:crafted":{"minecraft:oak_planks":48,"minecraft:crafting_table":1,"minecraft:stick":8,"minecraft:wooden_pickaxe":1,"minecraft:wooden_axe":1},"minecraft:picked_up":{"minecraft:crafting_table":1,"minecraft:oak_log":12,"minecraft:dirt":1,"minecraft:cobblestone":3},"minecraft:custom":{"minecraft:time_since_rest":5666,"minecraft:play_time":5666,"minecraft:crouch_one_cm":2463,"minecraft:sprint_one_cm":21874,"minecraft:walk_one_cm":4936,"minecraft:sneak_time":723,"minecraft:jump":151,"minecraft:time_since_death":5666,"minecraft:total_world_time":5666,"minecraft:fall_one_cm":3644,"minecraft:interact_with_crafting_table":4,"minecraft:fly_one_cm":33567},"minecraft:mined":{"minecraft:grass_block":2,"minecraft:oak_log":12,"minecraft:stone":3,"minecraft:oak_leaves":4,"minecraft:crafting_table":1},"minecraft:used":{"minecraft:wooden_axe":12,"minecraft:crafting_table":2,"minecraft:wooden_pickaxe":3}},"DataVersion":3953}