{"stats":{"minecraft:crafted":{"minecraft:oak_planks":48,"minecraft:cooked_porkchop":8,"minecraft:crafting_table":1,"minecraft:wooden_pickaxe":1,"minecraft:cooked_chicken":5,"minecraft:furnace":2,"minecraft:stone":3,"minecraft:stone_axe":1,"minecraft:air":0,"minecraft:shield":1,"minecraft:stick":32,"minecraft:stone_pickaxe":1,"minecraft:wooden_axe":1,"minecraft:stone_sword":1,"minecraft:torch":92,"minecraft:smoker":1},"minecraft:picked_up":{"minecraft:crafting_table":4,"minecraft:feather":4,"minecraft:chicken":7,"minecraft:leather":7,"minecraft:smoker":3,"minecraft:flint":1,"minecraft:oak_log":18,"minecraft:dirt":4,"minecraft:bone":6,"minecraft:wheat_seeds":2,"minecraft:beef":8,"minecraft:iron_pickaxe":1,"minecraft:raw_iron":42,"minecraft:torch":3,"minecraft:porkchop":10,"minecraft:white_bed":1,"minecraft:dark_oak_planks":1,"minecraft:arrow":7,"minecraft:slime_ball":7,"minecraft:decorated_pot":1,"minecraft:hay_block":20,"minecraft:emerald":2,"minecraft:mutton":6,"minecraft:dark_oak_fence":5,"minecraft:coal":63,"minecraft:white_wool":4,"minecraft:cobblestone":31},"minecraft:custom":{"minecraft:interact_with_furnace":2,"minecraft:mob_kills":31,"minecraft:interact_with_crafting_table":12,"minecraft:leave_game":2,"minecraft:time_since_death":54225,"minecraft:sleep_in_bed":1,"minecraft:climb_one_cm":2633,"minecraft:time_since_rest":17715,"minecraft:sprint_one_cm":173607,"minecraft:damage_taken":764,"minecraft:walk_one_cm":120141,"minecraft:damage_blocked_by_shield":285,"minecraft:drop":5,"minecraft:damage_dealt":4048,"minecraft:swim_one_cm":4548,"minecraft:talked_to_villager":1,"minecraft:fly_one_cm":229174,"minecraft:player_kills":1,"minecraft:open_chest":6,"minecraft:crouch_one_cm":6772,"minecraft:play_time":54225,"minecraft:sneak_time":2994,"minecraft:walk_under_water_one_cm":2389,"minecraft:jump":1313,"minecraft:walk_on_water_one_cm":15605,"minecraft:interact_with_smoker":10,"minecraft:total_world_time":54225,"minecraft:fall_one_cm":29849},"minecraft:broken":{"minecraft:wooden_axe":1},"minecraft:mined":{"minecraft:dark_oak_planks":1,"minecraft:dark_oak_leaves":1,"minecraft:smoker":3,"minecraft:crafting_table":4,"minecraft:torch":1,"minecraft:dark_oak_fence":6,"minecraft:short_grass":9,"minecraft:grass_block":4,"minecraft:decorated_pot":1,"minecraft:tall_grass":4,"minecraft:cobblestone":1,"minecraft:wall_torch":2,"minecraft:hay_block":20,"minecraft:iron_ore":43,"minecraft:birch_leaves":1,"minecraft:coal_ore":57,"minecraft:oak_log":18,"minecraft:sunflower":1,"minecraft:dirt":1,"minecraft:stone":31,"minecraft:oak_leaves":6},"minecraft:killed":{"minecraft:pig":6,"minecraft:vindicator":2,"minecraft:sheep":4,"minecraft:skeleton":3,"minecraft:pillager":2,"minecraft:zombie":3,"minecraft:chicken":5,"minecraft:cow":6},"minecraft:used":{"minecraft:stone_sword":47,"minecraft:stone_pickaxe":74,"minecraft:wooden_pickaxe":5,"minecraft:shield":9,"minecraft:cooked_chicken":5,"minecraft:torch":81,"minecraft:dirt":4,"minecraft:crafting_table":5,"minecraft:smoker":3,"minecraft:wooden_axe":49,"minecraft:iron_pickaxe":61,"minecraft:stone_axe":23,"minecraft:furnace":1,"minecraft:cooked_porkchop":8},"minecraft:dropped":{"minecraft:wheat_seeds":2,"minecraft:decorated_pot":1,"minecraft:flint":1,"minecraft:wooden_pickaxe":1}},"DataVersion":3953}