{"stats":{"minecraft:crafted":{"minecraft:oak_planks":48,"minecraft:cooked_porkchop":8,"minecraft:shield":1,"minecraft:crafting_table":1,"minecraft:stick":28,"minecraft:cooked_chicken":3,"minecraft:wooden_pickaxe":1,"minecraft:stone_pickaxe":1,"minecraft:wooden_axe":1,"minecraft:stone_sword":1,"minecraft:furnace":1,"minecraft:torch":68,"minecraft:stone_axe":1,"minecraft:air":0,"minecraft:smoker":1},"minecraft:picked_up":{"minecraft:crafting_table":4,"minecraft:raw_iron":2,"minecraft:feather":4,"minecraft:chicken":7,"minecraft:torch":3,"minecraft:smoker":2,"minecraft:porkchop":8,"minecraft:oak_log":18,"minecraft:dark_oak_planks":1,"minecraft:dirt":4,"minecraft:wheat_seeds":1,"minecraft:dark_oak_fence":5,"minecraft:coal":49,"minecraft:cobblestone":16},"minecraft:custom":{"minecraft:time_since_rest":36225,"minecraft:sprint_one_cm":82338,"minecraft:damage_taken":339,"minecraft:walk_one_cm":86499,"minecraft:mob_kills":14,"minecraft:drop":1,"minecraft:damage_dealt":1640,"minecraft:swim_one_cm":4548,"minecraft:interact_with_crafting_table":11,"minecraft:fly_one_cm":116369,"minecraft:open_chest":2,"minecraft:crouch_one_cm":4078,"minecraft:play_time":36225,"minecraft:sneak_time":2002,"minecraft:walk_under_water_one_cm":2389,"minecraft:jump":698,"minecraft:leave_game":2,"minecraft:time_since_death":36225,"minecraft:walk_on_water_one_cm":15605,"minecraft:climb_one_cm":2633,"minecraft:total_world_time":36225,"minecraft:interact_with_smoker":8,"minecraft:fall_one_cm":14090},"minecraft:broken":{"minecraft:wooden_axe":1},"minecraft:mined":{"minecraft:dark_oak_planks":1,"minecraft:dark_oak_leaves":1,"minecraft:iron_ore":2,"minecraft:smoker":2,"minecraft:birch_leaves":1,"minecraft:crafting_table":4,"minecraft:torch":1,"minecraft:dark_oak_fence":6,"minecraft:short_grass":7,"minecraft:grass_block":4,"minecraft:oak_log":18,"minecraft:coal_ore":51,"minecraft:dirt":1,"minecraft:cobblestone":1,"minecraft:stone":16,"minecraft:oak_leaves":5,"minecraft:wall_torch":2},"minecraft:killed":{"minecraft:pillager":2,"minecraft:zombie":2,"minecraft:pig":5,"minecraft:chicken":5},"minecraft:used":{"minecraft:wooden_axe":49,"minecraft:stone_sword":10,"minecraft:stone_pickaxe":72,"minecraft:wooden_pickaxe":5,"minecraft:stone_axe":8,"minecraft:torch":62,"minecraft:dirt":4,"minecraft:crafting_table":4,"minecraft:cooked_porkchop":5,"minecraft:smoker":3},"minecraft:dropped":{"minecraft:wheat_seeds":1}},"DataVersion":3953}