{"stats":{"minecraft:used":{"minecraft:stone_sword":93,"minecraft:spruce_planks":4,"minecraft:shield":18,"minecraft:iron_sword":86,"minecraft:cooked_chicken":5,"minecraft:trial_key":1,"minecraft:iron_chestplate":1,"minecraft:torch":224,"minecraft:dirt":4,"minecraft:wooden_axe":49,"minecraft:furnace":1,"minecraft:cooked_beef":4,"minecraft:cooked_mutton":1,"minecraft:water_bucket":1,"minecraft:stone_pickaxe":74,"minecraft:wooden_pickaxe":5,"minecraft:golden_apple":1,"minecraft:crafting_table":7,"minecraft:blast_furnace":1,"minecraft:white_bed":1,"minecraft:cake":1,"minecraft:smoker":4,"minecraft:apple":11,"minecraft:bread":15,"minecraft:iron_pickaxe":212,"minecraft:stone_axe":90,"minecraft:cobblestone":16,"minecraft:cooked_porkchop":10,"minecraft:bucket":2,"minecraft:oak_boat":5},"minecraft:picked_up":{"minecraft:crafting_table":7,"minecraft:azure_bluet":8,"minecraft:splash_potion":1,"minecraft:chicken":7,"minecraft:red_bed":1,"minecraft:experience_bottle":3,"minecraft:spruce_planks":8,"minecraft:beef":8,"minecraft:trial_key":3,"minecraft:oak_boat":4,"minecraft:iron_pickaxe":1,"minecraft:furnace":1,"minecraft:raw_iron":112,"minecraft:torch":7,"minecraft:porkchop":10,"minecraft:cake":1,"minecraft:carrot":4,"minecraft:dark_oak_planks":2,"minecraft:arrow":26,"minecraft:rotten_flesh":7,"minecraft:decorated_pot":1,"minecraft:hay_block":20,"minecraft:mutton":6,"minecraft:cobblestone":68,"minecraft:white_wool":4,"minecraft:feather":4,"minecraft:leather":8,"minecraft:smoker":4,"minecraft:flint":2,"minecraft:oak_log":18,"minecraft:dirt":4,"minecraft:bone":20,"minecraft:bow":1,"minecraft:wheat_seeds":2,"minecraft:iron_ingot":6,"minecraft:oak_planks":1,"minecraft:iron_sword":1,"minecraft:cooked_porkchop":2,"minecraft:dripstone_block":3,"minecraft:spruce_sapling":4,"minecraft:blast_furnace":1,"minecraft:white_bed":2,"minecraft:spruce_log":12,"minecraft:slime_ball":7,"minecraft:diamond":1,"minecraft:golden_apple":1,"minecraft:emerald":2,"minecraft:chainmail_helmet":1,"minecraft:dark_oak_fence":10,"minecraft:coal":95,"minecraft:ender_pearl":1},"minecraft:broken":{"minecraft:wooden_axe":1},"minecraft:mined":{"minecraft:dark_oak_planks":1,"minecraft:white_bed":1,"minecraft:dark_oak_leaves":1,"minecraft:dark_oak_fence":6,"minecraft:grass_block":7,"minecraft:decorated_pot":1,"minecraft:spruce_leaves":47,"minecraft:large_fern":2,"minecraft:hay_block":20,"minecraft:furnace":1,"minecraft:iron_ore":106,"minecraft:fire":1,"minecraft:packed_ice":26,"minecraft:stone":58,"minecraft:red_bed":1,"minecraft:smoker":4,"minecraft:powder_snow":25,"minecraft:crafting_table":7,"minecraft:torch":2,"minecraft:short_grass":15,"minecraft:blast_furnace":1,"minecraft:tall_grass":4,"minecraft:cobblestone":1,"minecraft:oak_planks":1,"minecraft:wall_torch":2,"minecraft:sweet_berry_bush":10,"minecraft:spruce_log":12,"minecraft:birch_leaves":1,"minecraft:oak_log":18,"minecraft:coal_ore":89,"minecraft:sunflower":1,"minecraft:dirt":1,"minecraft:oak_leaves":9,"minecraft:fern":6},"minecraft:dropped":{"minecraft:iron_ingot":15,"minecraft:wheat_seeds":2,"minecraft:cooked_beef":2,"minecraft:dripstone_block":3,"minecraft:decorated_pot":1,"minecraft:feather":4,"minecraft:apple":7,"minecraft:flint":2,"minecraft:dark_oak_fence":10,"minecraft:dark_oak_planks":2,"minecraft:stone_sword":1,"minecraft:rotten_flesh":7,"minecraft:azure_bluet":8,"minecraft:spruce_planks":4,"minecraft:arrow":24,"minecraft:bow":1,"minecraft:wooden_pickaxe":1,"minecraft:stone_pickaxe":1},"minecraft:custom":{"minecraft:mob_kills":76,"minecraft:interact_with_crafting_table":18,"minecraft:open_barrel":1,"minecraft:eat_cake_slice":2,"minecraft:leave_game":4,"minecraft:time_since_death":127140,"minecraft:climb_one_cm":2633,"minecraft:sprint_one_cm":415161,"minecraft:walk_one_cm":262621,"minecraft:damage_blocked_by_shield":845,"minecraft:drop":30,"minecraft:talked_to_villager":1,"minecraft:play_time":127140,"minecraft:sneak_time":6402,"minecraft:walk_under_water_one_cm":28789,"minecraft:boat_one_cm":208574,"minecraft:jump":3401,"minecraft:interact_with_blast_furnace":9,"minecraft:walk_on_water_one_cm":26602,"minecraft:total_world_time":127140,"minecraft:interact_with_furnace":11,"minecraft:sleep_in_bed":4,"minecraft:time_since_rest":9306,"minecraft:damage_taken":1912,"minecraft:damage_dealt":10914,"minecraft:swim_one_cm":18703,"minecraft:fly_one_cm":741315,"minecraft:player_kills":7,"minecraft:open_chest":11,"minecraft:crouch_one_cm":13400,"minecraft:interact_with_smoker":14,"minecraft:fall_one_cm":97828,"minecraft:horse_one_cm":8135},"minecraft:killed":{"minecraft:spider":3,"minecraft:vindicator":2,"minecraft:skeleton":15,"minecraft:chicken":5,"minecraft:pig":6,"minecraft:zombie_villager":1,"minecraft:sheep":4,"minecraft:pillager":3,"minecraft:zombie":14,"minecraft:stray":1,"minecraft:enderman":1,"minecraft:cow":6},"minecraft:crafted":{"minecraft:oak_planks":56,"minecraft:smooth_stone":3,"minecraft:cooked_chicken":5,"minecraft:furnace":2,"minecraft:blast_furnace":1,"minecraft:stone":3,"minecraft:cooked_mutton":6,"minecraft:iron_boots":1,"minecraft:stone_pickaxe":1,"minecraft:smoker":1,"minecraft:cooked_beef":8,"minecraft:cooked_porkchop":8,"minecraft:crafting_table":1,"minecraft:wooden_pickaxe":1,"minecraft:iron_helmet":1,"minecraft:bucket":1,"minecraft:stone_axe":1,"minecraft:air":0,"minecraft:oak_boat":1,"minecraft:iron_chestplate":1,"minecraft:shield":1,"minecraft:stick":72,"minecraft:iron_ingot":40,"minecraft:wooden_axe":1,"minecraft:stone_sword":1,"minecraft:iron_leggings":1,"minecraft:torch":252}},"DataVersion":3953}