{"stats":{"minecraft:crafted":{"minecraft:oak_planks":48,"minecraft:cooked_porkchop":4,"minecraft:crafting_table":1,"minecraft:stick":20,"minecraft:wooden_pickaxe":1,"minecraft:stone_pickaxe":1,"minecraft:wooden_axe":1,"minecraft:furnace":1,"minecraft:torch":56,"minecraft:air":0,"minecraft:smoker":1},"minecraft:picked_up":{"minecraft:crafting_table":3,"minecraft:raw_iron":2,"minecraft:feather":4,"minecraft:chicken":5,"minecraft:torch":3,"minecraft:smoker":1,"minecraft:porkchop":8,"minecraft:oak_log":18,"minecraft:dirt":4,"minecraft:wheat_seeds":1,"minecraft:coal":49,"minecraft:cobblestone":15},"minecraft:custom":{"minecraft:time_since_rest":32378,"minecraft:sprint_one_cm":79646,"minecraft:damage_taken":109,"minecraft:walk_one_cm":77087,"minecraft:mob_kills":12,"minecraft:damage_dealt":1100,"minecraft:swim_one_cm":4548,"minecraft:interact_with_crafting_table":7,"minecraft:fly_one_cm":115344,"minecraft:open_chest":2,"minecraft:crouch_one_cm":3458,"minecraft:play_time":32378,"minecraft:sneak_time":1590,"minecraft:walk_under_water_one_cm":2389,"minecraft:jump":664,"minecraft:leave_game":2,"minecraft:time_since_death":32378,"minecraft:walk_on_water_one_cm":15605,"minecraft:total_world_time":32378,"minecraft:interact_with_smoker":4,"minecraft:fall_one_cm":13790},"minecraft:mined":{"minecraft:dark_oak_leaves":1,"minecraft:iron_ore":2,"minecraft:smoker":1,"minecraft:birch_leaves":1,"minecraft:crafting_table":3,"minecraft:torch":1,"minecraft:short_grass":7,"minecraft:grass_block":4,"minecraft:oak_log":18,"minecraft:coal_ore":51,"minecraft:dirt":1,"minecraft:stone":16,"minecraft:oak_leaves":5,"minecraft:wall_torch":2},"minecraft:killed":{"minecraft:zombie":2,"minecraft:pig":5,"minecraft:chicken":5},"minecraft:used":{"minecraft:wooden_axe":48,"minecraft:stone_pickaxe":70,"minecraft:wooden_pickaxe":5,"minecraft:torch":58,"minecraft:dirt":4,"minecraft:crafting_table":3,"minecraft:cooked_porkchop":3,"minecraft:smoker":1}},"DataVersion":3953}