{"stats":{"minecraft:crafted":{"minecraft:oak_planks":48,"minecraft:torch":24,"minecraft:crafting_table":1,"minecraft:stick":20,"minecraft:stone_pickaxe":1,"minecraft:wooden_pickaxe":1,"minecraft:wooden_axe":1},"minecraft:picked_up":{"minecraft:raw_iron":2,"minecraft:crafting_table":2,"minecraft:torch":1,"minecraft:oak_log":12,"minecraft:coal":46,"minecraft:dirt":1,"minecraft:cobblestone":15},"minecraft:custom":{"minecraft:time_since_rest":17666,"minecraft:play_time":17666,"minecraft:crouch_one_cm":3024,"minecraft:sprint_one_cm":30503,"minecraft:walk_one_cm":13553,"minecraft:sneak_time":1321,"minecraft:jump":205,"minecraft:time_since_death":17666,"minecraft:total_world_time":17666,"minecraft:fall_one_cm":4956,"minecraft:interact_with_crafting_table":5,"minecraft:fly_one_cm":41259},"minecraft:mined":{"minecraft:coal_ore":48,"minecraft:grass_block":2,"minecraft:oak_log":12,"minecraft:iron_ore":2,"minecraft:stone":16,"minecraft:wall_torch":1,"minecraft:oak_leaves":4,"minecraft:crafting_table":2},"minecraft:used":{"minecraft:torch":24,"minecraft:wooden_axe":13,"minecraft:dirt":1,"minecraft:crafting_table":2,"minecraft:stone_pickaxe":62,"minecraft:wooden_pickaxe":5}},"DataVersion":3953}