{"stats":{"minecraft:crafted":{"minecraft:oak_planks":48,"minecraft:cooked_porkchop":4,"minecraft:crafting_table":1,"minecraft:stick":20,"minecraft:wooden_pickaxe":1,"minecraft:stone_pickaxe":1,"minecraft:wooden_axe":1,"minecraft:furnace":1,"minecraft:torch":56,"minecraft:air":0,"minecraft:smoker":1},"minecraft:picked_up":{"minecraft:crafting_table":3,"minecraft:raw_iron":2,"minecraft:feather":1,"minecraft:chicken":1,"minecraft:torch":3,"minecraft:smoker":1,"minecraft:porkchop":4,"minecraft:oak_log":18,"minecraft:dirt":4,"minecraft:wheat_seeds":1,"minecraft:coal":49,"minecraft:cobblestone":15},"minecraft:custom":{"minecraft:time_since_rest":27610,"minecraft:sprint_one_cm":49215,"minecraft:damage_taken":30,"minecraft:walk_one_cm":70776,"minecraft:mob_kills":4,"minecraft:damage_dealt":340,"minecraft:interact_with_crafting_table":7,"minecraft:fly_one_cm":62360,"minecraft:open_chest":2,"minecraft:crouch_one_cm":3458,"minecraft:play_time":27610,"minecraft:sneak_time":1590,"minecraft:walk_under_water_one_cm":1863,"minecraft:jump":442,"minecraft:leave_game":1,"minecraft:time_since_death":27610,"minecraft:walk_on_water_one_cm":15020,"minecraft:interact_with_smoker":4,"minecraft:total_world_time":27610,"minecraft:fall_one_cm":8834},"minecraft:mined":{"minecraft:iron_ore":2,"minecraft:smoker":1,"minecraft:birch_leaves":1,"minecraft:torch":1,"minecraft:crafting_table":3,"minecraft:short_grass":6,"minecraft:oak_log":18,"minecraft:grass_block":4,"minecraft:coal_ore":51,"minecraft:dirt":1,"minecraft:stone":16,"minecraft:oak_leaves":5,"minecraft:wall_torch":2},"minecraft:killed":{"minecraft:pig":3,"minecraft:chicken":1},"minecraft:used":{"minecraft:wooden_axe":33,"minecraft:stone_pickaxe":70,"minecraft:wooden_pickaxe":5,"minecraft:torch":58,"minecraft:dirt":4,"minecraft:crafting_table":3,"minecraft:cooked_porkchop":2,"minecraft:smoker":1}},"DataVersion":3953}