{"stats":{"minecraft:picked_up":{"minecraft:crafting_table":5,"minecraft:feather":4,"minecraft:splash_potion":1,"minecraft:chicken":7,"minecraft:leather":7,"minecraft:smoker":4,"minecraft:flint":1,"minecraft:oak_log":18,"minecraft:dirt":4,"minecraft:bone":6,"minecraft:wheat_seeds":2,"minecraft:beef":8,"minecraft:iron_pickaxe":1,"minecraft:furnace":1,"minecraft:raw_iron":105,"minecraft:cooked_porkchop":2,"minecraft:torch":5,"minecraft:dripstone_block":3,"minecraft:porkchop":10,"minecraft:blast_furnace":1,"minecraft:white_bed":2,"minecraft:dark_oak_planks":1,"minecraft:arrow":9,"minecraft:rotten_flesh":1,"minecraft:slime_ball":7,"minecraft:decorated_pot":1,"minecraft:hay_block":20,"minecraft:emerald":2,"minecraft:mutton":6,"minecraft:dark_oak_fence":5,"minecraft:coal":76,"minecraft:white_wool":4,"minecraft:cobblestone":63},"minecraft:crafted":{"minecraft:cooked_beef":8,"minecraft:smooth_stone":3,"minecraft:oak_planks":56,"minecraft:cooked_porkchop":8,"minecraft:crafting_table":1,"minecraft:iron_helmet":1,"minecraft:wooden_pickaxe":1,"minecraft:cooked_chicken":5,"minecraft:furnace":2,"minecraft:blast_furnace":1,"minecraft:stone":3,"minecraft:stone_axe":1,"minecraft:cooked_mutton":6,"minecraft:air":0,"minecraft:iron_boots":1,"minecraft:iron_chestplate":1,"minecraft:shield":1,"minecraft:stick":44,"minecraft:iron_ingot":40,"minecraft:stone_pickaxe":1,"minecraft:wooden_axe":1,"minecraft:stone_sword":1,"minecraft:iron_leggings":1,"minecraft:torch":140,"minecraft:smoker":1},"minecraft:custom":{"minecraft:interact_with_furnace":10,"minecraft:mob_kills":37,"minecraft:interact_with_crafting_table":15,"minecraft:leave_game":2,"minecraft:time_since_death":66225,"minecraft:sleep_in_bed":2,"minecraft:climb_one_cm":2633,"minecraft:time_since_rest":10102,"minecraft:sprint_one_cm":214134,"minecraft:damage_taken":830,"minecraft:walk_one_cm":144452,"minecraft:damage_blocked_by_shield":589,"minecraft:drop":5,"minecraft:damage_dealt":5518,"minecraft:swim_one_cm":4548,"minecraft:talked_to_villager":1,"minecraft:fly_one_cm":243091,"minecraft:player_kills":1,"minecraft:open_chest":6,"minecraft:crouch_one_cm":8754,"minecraft:play_time":66225,"minecraft:sneak_time":3919,"minecraft:walk_under_water_one_cm":2389,"minecraft:jump":1458,"minecraft:interact_with_blast_furnace":9,"minecraft:walk_on_water_one_cm":16186,"minecraft:interact_with_smoker":14,"minecraft:total_world_time":66225,"minecraft:fall_one_cm":31328},"minecraft:broken":{"minecraft:wooden_axe":1},"minecraft:mined":{"minecraft:dark_oak_planks":1,"minecraft:white_bed":1,"minecraft:dark_oak_leaves":1,"minecraft:smoker":4,"minecraft:crafting_table":5,"minecraft:torch":2,"minecraft:dark_oak_fence":6,"minecraft:short_grass":9,"minecraft:blast_furnace":1,"minecraft:grass_block":4,"minecraft:decorated_pot":1,"minecraft:tall_grass":4,"minecraft:cobblestone":1,"minecraft:wall_torch":2,"minecraft:hay_block":20,"minecraft:furnace":1,"minecraft:iron_ore":97,"minecraft:birch_leaves":1,"minecraft:coal_ore":70,"minecraft:oak_log":18,"minecraft:sunflower":1,"minecraft:dirt":1,"minecraft:stone":53,"minecraft:oak_leaves":6},"minecraft:killed":{"minecraft:pig":6,"minecraft:vindicator":2,"minecraft:sheep":4,"minecraft:skeleton":5,"minecraft:pillager":2,"minecraft:zombie":7,"minecraft:chicken":5,"minecraft:cow":6},"minecraft:used":{"minecraft:cooked_mutton":1,"minecraft:stone_sword":72,"minecraft:stone_pickaxe":74,"minecraft:wooden_pickaxe":5,"minecraft:shield":13,"minecraft:cooked_chicken":5,"minecraft:iron_chestplate":1,"minecraft:torch":136,"minecraft:dirt":4,"minecraft:crafting_table":5,"minecraft:blast_furnace":1,"minecraft:white_bed":1,"minecraft:smoker":4,"minecraft:wooden_axe":49,"minecraft:iron_pickaxe":154,"minecraft:stone_axe":27,"minecraft:cobblestone":1,"minecraft:furnace":1,"minecraft:cooked_porkchop":9},"minecraft:dropped":{"minecraft:wheat_seeds":2,"minecraft:decorated_pot":1,"minecraft:flint":1,"minecraft:wooden_pickaxe":1}},"DataVersion":3953}