{"stats":{"minecraft:used":{"minecraft:stone_sword":93,"minecraft:spruce_planks":4,"minecraft:shield":19,"minecraft:iron_sword":171,"minecraft:cooked_chicken":5,"minecraft:trial_key":2,"minecraft:iron_chestplate":1,"minecraft:torch":259,"minecraft:dirt":4,"minecraft:carrot":3,"minecraft:wooden_axe":49,"minecraft:furnace":1,"minecraft:cooked_beef":4,"minecraft:cooked_mutton":6,"minecraft:water_bucket":1,"minecraft:stone_pickaxe":74,"minecraft:cactus":3,"minecraft:wooden_pickaxe":5,"minecraft:golden_apple":1,"minecraft:crafting_table":7,"minecraft:blast_furnace":2,"minecraft:white_bed":1,"minecraft:cake":2,"minecraft:smoker":5,"minecraft:apple":11,"minecraft:melon_slice":5,"minecraft:bread":15,"minecraft:iron_pickaxe":212,"minecraft:stone_axe":96,"minecraft:cobblestone":16,"minecraft:cooked_porkchop":10,"minecraft:bucket":2,"minecraft:oak_boat":5},"minecraft:picked_up":{"minecraft:crafting_table":7,"minecraft:azure_bluet":8,"minecraft:splash_potion":1,"minecraft:chicken":7,"minecraft:potion":2,"minecraft:red_bed":1,"minecraft:experience_bottle":9,"minecraft:spruce_planks":8,"minecraft:beef":8,"minecraft:trial_key":3,"minecraft:oak_boat":6,"minecraft:iron_pickaxe":1,"minecraft:melon_slice":28,"minecraft:furnace":1,"minecraft:stick":1,"minecraft:raw_iron":112,"minecraft:copper_ingot":6,"minecraft:torch":10,"minecraft:porkchop":33,"minecraft:cake":2,"minecraft:carrot":4,"minecraft:dark_oak_planks":2,"minecraft:cactus":3,"minecraft:arrow":47,"minecraft:rotten_flesh":12,"minecraft:decorated_pot":1,"minecraft:hay_block":20,"minecraft:mutton":13,"minecraft:cobblestone":68,"minecraft:white_wool":7,"minecraft:feather":4,"minecraft:leather":8,"minecraft:smoker":4,"minecraft:flint":2,"minecraft:oak_log":18,"minecraft:dirt":6,"minecraft:bone":29,"minecraft:bow":1,"minecraft:wheat_seeds":3,"minecraft:iron_ingot":45,"minecraft:oak_planks":1,"minecraft:iron_sword":2,"minecraft:cooked_porkchop":2,"minecraft:dripstone_block":3,"minecraft:spruce_sapling":4,"minecraft:blast_furnace":1,"minecraft:white_bed":2,"minecraft:spruce_log":12,"minecraft:slime_ball":7,"minecraft:diamond":1,"minecraft:golden_apple":1,"minecraft:emerald":17,"minecraft:chainmail_helmet":1,"minecraft:dark_oak_fence":10,"minecraft:coal":95,"minecraft:ender_pearl":1},"minecraft:broken":{"minecraft:stone_axe":1,"minecraft:wooden_axe":1},"minecraft:mined":{"minecraft:dark_oak_planks":1,"minecraft:white_bed":1,"minecraft:dark_oak_leaves":1,"minecraft:dark_oak_fence":6,"minecraft:grass_block":7,"minecraft:decorated_pot":1,"minecraft:spruce_leaves":47,"minecraft:large_fern":2,"minecraft:hay_block":20,"minecraft:furnace":1,"minecraft:iron_ore":106,"minecraft:fire":1,"minecraft:packed_ice":26,"minecraft:stone":58,"minecraft:red_bed":1,"minecraft:smoker":4,"minecraft:powder_snow":25,"minecraft:crafting_table":7,"minecraft:torch":4,"minecraft:short_grass":16,"minecraft:blast_furnace":1,"minecraft:melon":6,"minecraft:dead_bush":1,"minecraft:tall_grass":4,"minecraft:cobblestone":1,"minecraft:oak_planks":1,"minecraft:wall_torch":3,"minecraft:sweet_berry_bush":10,"minecraft:spruce_log":12,"minecraft:birch_leaves":1,"minecraft:oak_log":18,"minecraft:coal_ore":89,"minecraft:sunflower":1,"minecraft:dirt":3,"minecraft:oak_leaves":9,"minecraft:fern":6},"minecraft:dropped":{"minecraft:iron_ingot":54,"minecraft:iron_sword":1,"minecraft:wheat_seeds":3,"minecraft:cooked_beef":2,"minecraft:dripstone_block":3,"minecraft:decorated_pot":1,"minecraft:feather":4,"minecraft:apple":7,"minecraft:emerald":8,"minecraft:stick":1,"minecraft:flint":2,"minecraft:dark_oak_fence":10,"minecraft:potion":1,"minecraft:dark_oak_planks":2,"minecraft:stone_sword":1,"minecraft:rotten_flesh":12,"minecraft:azure_bluet":8,"minecraft:carrot":7,"minecraft:spruce_planks":4,"minecraft:oak_boat":1,"minecraft:spruce_log":12,"minecraft:arrow":24,"minecraft:bow":1,"minecraft:wooden_pickaxe":1,"minecraft:stone_pickaxe":1},"minecraft:custom":{"minecraft:mob_kills":111,"minecraft:interact_with_crafting_table":18,"minecraft:open_barrel":1,"minecraft:eat_cake_slice":4,"minecraft:leave_game":4,"minecraft:time_since_death":157140,"minecraft:climb_one_cm":3408,"minecraft:sprint_one_cm":513362,"minecraft:walk_one_cm":333225,"minecraft:damage_blocked_by_shield":870,"minecraft:drop":42,"minecraft:talked_to_villager":1,"minecraft:play_time":157140,"minecraft:sneak_time":6473,"minecraft:walk_under_water_one_cm":44139,"minecraft:boat_one_cm":218119,"minecraft:jump":4063,"minecraft:interact_with_blast_furnace":15,"minecraft:walk_on_water_one_cm":29307,"minecraft:total_world_time":157140,"minecraft:interact_with_furnace":11,"minecraft:sleep_in_bed":4,"minecraft:time_since_rest":39306,"minecraft:damage_taken":2338,"minecraft:damage_dealt":15700,"minecraft:swim_one_cm":45764,"minecraft:fly_one_cm":846220,"minecraft:player_kills":7,"minecraft:open_chest":11,"minecraft:crouch_one_cm":13423,"minecraft:interact_with_smoker":17,"minecraft:fall_one_cm":113286,"minecraft:horse_one_cm":8135},"minecraft:killed":{"minecraft:spider":3,"minecraft:vindicator":2,"minecraft:skeleton":25,"minecraft:chicken":5,"minecraft:husk":11,"minecraft:pig":14,"minecraft:zombie_villager":1,"minecraft:polar_bear":1,"minecraft:sheep":7,"minecraft:pillager":3,"minecraft:zombie":14,"minecraft:stray":1,"minecraft:enderman":1,"minecraft:cow":6},"minecraft:crafted":{"minecraft:oak_planks":56,"minecraft:smooth_stone":3,"minecraft:cooked_chicken":5,"minecraft:furnace":2,"minecraft:blast_furnace":1,"minecraft:stone":3,"minecraft:cooked_mutton":6,"minecraft:iron_boots":1,"minecraft:stone_pickaxe":1,"minecraft:smoker":1,"minecraft:cooked_beef":8,"minecraft:cooked_porkchop":8,"minecraft:crafting_table":1,"minecraft:wooden_pickaxe":1,"minecraft:iron_helmet":1,"minecraft:bucket":1,"minecraft:stone_axe":1,"minecraft:air":0,"minecraft:oak_boat":1,"minecraft:iron_chestplate":1,"minecraft:shield":1,"minecraft:stick":72,"minecraft:iron_ingot":40,"minecraft:wooden_axe":1,"minecraft:stone_sword":1,"minecraft:iron_leggings":1,"minecraft:torch":252}},"DataVersion":3953}