{"stats":{"minecraft:broken":{"minecraft:iron_boots":1,"minecraft:iron_chestplate":1,"minecraft:iron_leggings":1,"minecraft:stone_axe":1,"minecraft:iron_sword":1,"minecraft:iron_pickaxe":3,"minecraft:iron_helmet":1,"minecraft:wooden_axe":1},"minecraft:dropped":{"minecraft:iron_ingot":60,"minecraft:iron_sword":1,"minecraft:soul_sand":4,"minecraft:moss_block":5,"minecraft:birch_planks":1,"minecraft:wheat_seeds":6,"minecraft:warped_fungus":2,"minecraft:cooked_beef":2,"minecraft:mossy_cobblestone":1,"minecraft:dripstone_block":3,"minecraft:cooked_porkchop":11,"minecraft:decorated_pot":1,"minecraft:feather":4,"minecraft:cobblestone":10,"minecraft:apple":7,"minecraft:granite":30,"minecraft:chainmail_helmet":1,"minecraft:flint":2,"minecraft:emerald":8,"minecraft:stick":3,"minecraft:dirt":5,"minecraft:golden_carrot":3,"minecraft:dark_oak_fence":10,"minecraft:waxed_oxidized_copper":11,"minecraft:potion":1,"minecraft:iron_leggings":1,"minecraft:flowering_azalea":3,"minecraft:string":5,"minecraft:dark_oak_planks":2,"minecraft:white_wool":9,"minecraft:bone":9,"minecraft:moss_carpet":2,"minecraft:stone_sword":1,"minecraft:experience_bottle":13,"minecraft:rotten_flesh":46,"minecraft:azure_bluet":8,"minecraft:carrot":8,"minecraft:filled_map":1,"minecraft:hay_block":1,"minecraft:trial_key":3,"minecraft:spruce_planks":4,"minecraft:arms_up_pottery_sherd":1,"minecraft:iron_chestplate":1,"minecraft:oak_boat":1,"minecraft:azalea":1,"minecraft:spider_eye":4,"minecraft:spruce_log":12,"minecraft:arrow":49,"minecraft:bow":4,"minecraft:stone_pickaxe":1,"minecraft:wooden_pickaxe":1},"minecraft:crafted":{"minecraft:smooth_stone":3,"minecraft:oak_planks":56,"minecraft:cooked_chicken":5,"minecraft:furnace":3,"minecraft:blast_furnace":1,"minecraft:stone":3,"minecraft:cooked_mutton":21,"minecraft:flint_and_steel":1,"minecraft:iron_boots":2,"minecraft:iron_axe":1,"minecraft:stone_pickaxe":1,"minecraft:chest":2,"minecraft:smoker":2,"minecraft:cooked_beef":8,"minecraft:coal_block":1,"minecraft:cooked_porkchop":39,"minecraft:crafting_table":3,"minecraft:iron_helmet":2,"minecraft:wooden_pickaxe":1,"minecraft:baked_potato":18,"minecraft:bucket":3,"minecraft:stone_axe":1,"minecraft:air":0,"minecraft:jungle_planks":60,"minecraft:oak_boat":1,"minecraft:iron_chestplate":2,"minecraft:shield":1,"minecraft:stick":88,"minecraft:iron_ingot":118,"minecraft:iron_pickaxe":1,"minecraft:wooden_axe":1,"minecraft:stone_sword":1,"minecraft:iron_leggings":2,"minecraft:torch":372},"minecraft:picked_up":{"minecraft:ominous_bottle":1,"minecraft:crafting_table":9,"minecraft:azure_bluet":8,"minecraft:splash_potion":1,"minecraft:chicken":7,"minecraft:nether_wart":20,"minecraft:potion":3,"minecraft:string":7,"minecraft:red_bed":2,"minecraft:moss_carpet":4,"minecraft:iron_leggings":1,"minecraft:experience_bottle":13,"minecraft:candle":5,"minecraft:spruce_planks":8,"minecraft:beef":12,"minecraft:trial_key":22,"minecraft:oak_boat":8,"minecraft:azalea":1,"minecraft:sugar_cane":13,"minecraft:iron_pickaxe":2,"minecraft:enchanted_golden_apple":2,"minecraft:melon_slice":34,"minecraft:waxed_oxidized_copper":11,"minecraft:furnace":1,"minecraft:stick":21,"minecraft:raw_iron":190,"minecraft:copper_ingot":20,"minecraft:torch":15,"minecraft:porkchop":49,"minecraft:cake":2,"minecraft:waxed_copper_grate":1,"minecraft:carrot":4,"minecraft:dark_oak_planks":2,"minecraft:arrow":102,"minecraft:cactus":3,"minecraft:rotten_flesh":50,"minecraft:decorated_pot":1,"minecraft:nether_bricks":1,"minecraft:hay_block":21,"minecraft:blaze_rod":1,"minecraft:cod":7,"minecraft:mutton":18,"minecraft:white_wool":9,"minecraft:cobblestone":112,"minecraft:feather":4,"minecraft:golden_carrot":3,"minecraft:jungle_log":19,"minecraft:birch_planks":1,"minecraft:leather":10,"minecraft:copper_block":1,"minecraft:smoker":4,"minecraft:potato":58,"minecraft:waxed_copper_bulb":2,"minecraft:flint":3,"minecraft:oak_log":18,"minecraft:nether_wart_block":2,"minecraft:dirt":17,"minecraft:name_tag":1,"minecraft:bone":94,"minecraft:kelp":10,"minecraft:bow":4,"minecraft:wheat_seeds":6,"minecraft:arms_up_pottery_sherd":1,"minecraft:iron_ingot":52,"minecraft:cooked_chicken":1,"minecraft:moss_block":5,"minecraft:iron_sword":2,"minecraft:oak_planks":1,"minecraft:flowering_azalea":3,"minecraft:soul_sand":24,"minecraft:warped_fungus":2,"minecraft:music_disc_13":1,"minecraft:cooked_porkchop":2,"minecraft:sweet_berries":31,"minecraft:dripstone_block":3,"minecraft:sand":26,"minecraft:spruce_sapling":4,"minecraft:blast_furnace":3,"minecraft:white_bed":2,"minecraft:spruce_log":12,"minecraft:spider_eye":4,"minecraft:mossy_cobblestone":2,"minecraft:slime_ball":7,"minecraft:diamond":1,"minecraft:granite":30,"minecraft:breeze_rod":14,"minecraft:golden_apple":1,"minecraft:chainmail_helmet":1,"minecraft:bread":3,"minecraft:emerald":17,"minecraft:baked_potato":4,"minecraft:netherrack":91,"minecraft:dark_oak_fence":10,"minecraft:coal":193,"minecraft:ender_pearl":3},"minecraft:killed":{"minecraft:vindicator":2,"minecraft:spider":8,"minecraft:cod":10,"minecraft:skeleton":75,"minecraft:chicken":5,"minecraft:silverfish":16,"minecraft:ocelot":1,"minecraft:husk":17,"minecraft:pig":23,"minecraft:zombie_villager":1,"minecraft:polar_bear":1,"minecraft:sheep":11,"minecraft:pillager":20,"minecraft:zombie":37,"minecraft:stray":1,"minecraft:breeze":4,"minecraft:wither_skeleton":2,"minecraft:blaze":3,"minecraft:enderman":1,"minecraft:cow":8},"minecraft:custom":{"minecraft:mob_kills":264,"minecraft:animals_bred":4,"minecraft:interact_with_crafting_table":38,"minecraft:open_barrel":10,"minecraft:eat_cake_slice":4,"minecraft:leave_game":8,"minecraft:time_since_death":285,"minecraft:climb_one_cm":15105,"minecraft:sprint_one_cm":1468049,"minecraft:walk_one_cm":834200,"minecraft:damage_blocked_by_shield":2483,"minecraft:drop":93,"minecraft:talked_to_villager":2,"minecraft:play_time":449081,"minecraft:deaths":1,"minecraft:sneak_time":16747,"minecraft:walk_under_water_one_cm":74095,"minecraft:boat_one_cm":563340,"minecraft:jump":10441,"minecraft:interact_with_blast_furnace":46,"minecraft:walk_on_water_one_cm":59364,"minecraft:total_world_time":449081,"minecraft:interact_with_furnace":13,"minecraft:sleep_in_bed":17,"minecraft:time_since_rest":447,"minecraft:damage_taken":7657,"minecraft:damage_dealt":41791,"minecraft:player_kills":7,"minecraft:swim_one_cm":126375,"minecraft:fly_one_cm":2192479,"minecraft:open_chest":51,"minecraft:crouch_one_cm":40659,"minecraft:interact_with_smoker":42,"minecraft:fall_one_cm":268836,"minecraft:inspect_dispenser":9,"minecraft:horse_one_cm":8135},"minecraft:killed_by":{"minecraft:spider":1},"minecraft:used":{"minecraft:moss_carpet":2,"minecraft:stone_sword":93,"minecraft:flint_and_steel":14,"minecraft:chest":2,"minecraft:spruce_planks":4,"minecraft:shield":76,"minecraft:iron_sword":544,"minecraft:rotten_flesh":3,"minecraft:trial_key":3,"minecraft:cooked_chicken":6,"minecraft:netherrack":91,"minecraft:iron_chestplate":1,"minecraft:torch":439,"minecraft:dirt":12,"minecraft:mutton":1,"minecraft:nether_bricks":1,"minecraft:jungle_planks":32,"minecraft:carrot":7,"minecraft:waxed_copper_grate":1,"minecraft:obsidian":4,"minecraft:wooden_axe":49,"minecraft:lava_bucket":1,"minecraft:iron_axe":162,"minecraft:beef":4,"minecraft:hay_block":20,"minecraft:sweet_berries":31,"minecraft:furnace":1,"minecraft:potato":15,"minecraft:cooked_beef":4,"minecraft:iron_leggings":1,"minecraft:cooked_mutton":19,"minecraft:water_bucket":7,"minecraft:birch_planks":1,"minecraft:baked_potato":22,"minecraft:stone_pickaxe":74,"minecraft:cactus":3,"minecraft:copper_block":1,"minecraft:wooden_pickaxe":5,"minecraft:sugar_cane":4,"minecraft:golden_apple":1,"minecraft:mossy_cobblestone":1,"minecraft:sand":26,"minecraft:crafting_table":11,"minecraft:red_bed":2,"minecraft:blast_furnace":4,"minecraft:cod":7,"minecraft:white_bed":1,"minecraft:cake":2,"minecraft:smoker":6,"minecraft:apple":11,"minecraft:melon_slice":34,"minecraft:bread":43,"minecraft:iron_pickaxe":692,"minecraft:string":1,"minecraft:stone_axe":96,"minecraft:nether_wart_block":2,"minecraft:cobblestone":42,"minecraft:porkchop":14,"minecraft:cooked_porkchop":30,"minecraft:bucket":9,"minecraft:kelp":10,"minecraft:candle":4,"minecraft:oak_boat":8,"minecraft:waxed_copper_bulb":2},"minecraft:mined":{"minecraft:dark_oak_planks":1,"minecraft:spruce_planks":2,"minecraft:white_bed":1,"minecraft:candle":1,"minecraft:mossy_cobblestone":2,"minecraft:dark_oak_leaves":3,"minecraft:jungle_leaves":3,"minecraft:dark_oak_fence":6,"minecraft:nether_bricks":1,"minecraft:granite":13,"minecraft:grass_block":15,"minecraft:decorated_pot":1,"minecraft:jungle_planks":2,"minecraft:jungle_log":19,"minecraft:rooted_dirt":1,"minecraft:spruce_leaves":60,"minecraft:chiseled_tuff_bricks":1,"minecraft:spawner":2,"minecraft:nether_wart":20,"minecraft:tuff_bricks":5,"minecraft:large_fern":2,"minecraft:hay_block":20,"minecraft:furnace":1,"minecraft:waxed_copper_grate":1,"minecraft:iron_ore":186,"minecraft:fire":29,"minecraft:andesite":7,"minecraft:potatoes":16,"minecraft:vine":16,"minecraft:packed_ice":26,"minecraft:stone":178,"minecraft:tripwire":1,"minecraft:red_bed":2,"minecraft:soul_sand":24,"minecraft:kelp_plant":2,"minecraft:crimson_nylium":2,"minecraft:smoker":4,"minecraft:soul_fire":2,"minecraft:powder_snow":25,"minecraft:crafting_table":9,"minecraft:torch":4,"minecraft:short_grass":88,"minecraft:blast_furnace":3,"minecraft:melon":7,"minecraft:dead_bush":1,"minecraft:copper_ore":3,"minecraft:tall_grass":4,"minecraft:cobblestone":1,"minecraft:sugar_cane":5,"minecraft:deepslate_gold_ore":3,"minecraft:oak_planks":1,"minecraft:waxed_chiseled_copper":1,"minecraft:wall_torch":3,"minecraft:seagrass":4,"minecraft:waxed_copper_bulb":1,"minecraft:birch_planks":2,"minecraft:nether_wart_block":2,"minecraft:birch_log":3,"minecraft:sweet_berry_bush":10,"minecraft:spruce_log":12,"minecraft:birch_leaves":20,"minecraft:warped_fungus":1,"minecraft:copper_block":1,"minecraft:coal_ore":157,"minecraft:oak_log":21,"minecraft:gravel":1,"minecraft:dirt":12,"minecraft:waxed_oxidized_copper":12,"minecraft:sunflower":1,"minecraft:sand":17,"minecraft:netherrack":90,"minecraft:deepslate":52,"minecraft:oak_leaves":22,"minecraft:fern":28}},"DataVersion":3953}