{"stats":{"minecraft:picked_up":{"minecraft:crafting_table":6,"minecraft:azure_bluet":8,"minecraft:feather":4,"minecraft:splash_potion":1,"minecraft:chicken":7,"minecraft:leather":8,"minecraft:smoker":4,"minecraft:flint":2,"minecraft:oak_log":18,"minecraft:red_bed":1,"minecraft:dirt":4,"minecraft:experience_bottle":3,"minecraft:bone":16,"minecraft:bow":1,"minecraft:wheat_seeds":2,"minecraft:iron_ingot":6,"minecraft:spruce_planks":8,"minecraft:trial_key":3,"minecraft:beef":8,"minecraft:iron_pickaxe":1,"minecraft:oak_planks":1,"minecraft:iron_sword":1,"minecraft:furnace":1,"minecraft:raw_iron":105,"minecraft:cooked_porkchop":2,"minecraft:torch":6,"minecraft:dripstone_block":3,"minecraft:porkchop":10,"minecraft:cake":1,"minecraft:blast_furnace":1,"minecraft:carrot":4,"minecraft:white_bed":2,"minecraft:dark_oak_planks":2,"minecraft:arrow":23,"minecraft:rotten_flesh":7,"minecraft:slime_ball":7,"minecraft:diamond":1,"minecraft:decorated_pot":1,"minecraft:hay_block":20,"minecraft:golden_apple":1,"minecraft:chainmail_helmet":1,"minecraft:emerald":2,"minecraft:ender_pearl":1,"minecraft:mutton":6,"minecraft:dark_oak_fence":10,"minecraft:coal":76,"minecraft:white_wool":4,"minecraft:cobblestone":63},"minecraft:crafted":{"minecraft:cooked_beef":8,"minecraft:smooth_stone":3,"minecraft:oak_planks":56,"minecraft:cooked_porkchop":8,"minecraft:crafting_table":1,"minecraft:iron_helmet":1,"minecraft:wooden_pickaxe":1,"minecraft:cooked_chicken":5,"minecraft:furnace":2,"minecraft:blast_furnace":1,"minecraft:stone":3,"minecraft:bucket":1,"minecraft:stone_axe":1,"minecraft:cooked_mutton":6,"minecraft:air":0,"minecraft:iron_boots":1,"minecraft:iron_chestplate":1,"minecraft:shield":1,"minecraft:stick":44,"minecraft:iron_ingot":40,"minecraft:stone_pickaxe":1,"minecraft:wooden_axe":1,"minecraft:stone_sword":1,"minecraft:iron_leggings":1,"minecraft:torch":140,"minecraft:smoker":1},"minecraft:custom":{"minecraft:interact_with_furnace":10,"minecraft:mob_kills":60,"minecraft:interact_with_crafting_table":17,"minecraft:open_barrel":1,"minecraft:eat_cake_slice":2,"minecraft:leave_game":3,"minecraft:time_since_death":92274,"minecraft:sleep_in_bed":3,"minecraft:climb_one_cm":2633,"minecraft:time_since_rest":18771,"minecraft:sprint_one_cm":308947,"minecraft:damage_taken":1500,"minecraft:walk_one_cm":212556,"minecraft:damage_blocked_by_shield":790,"minecraft:drop":19,"minecraft:damage_dealt":7776,"minecraft:swim_one_cm":14904,"minecraft:talked_to_villager":1,"minecraft:fly_one_cm":416148,"minecraft:player_kills":7,"minecraft:open_chest":9,"minecraft:crouch_one_cm":12796,"minecraft:play_time":92274,"minecraft:sneak_time":6041,"minecraft:walk_under_water_one_cm":28278,"minecraft:jump":2193,"minecraft:interact_with_blast_furnace":9,"minecraft:walk_on_water_one_cm":18507,"minecraft:interact_with_smoker":14,"minecraft:total_world_time":92274,"minecraft:fall_one_cm":59624,"minecraft:horse_one_cm":8135},"minecraft:broken":{"minecraft:wooden_axe":1},"minecraft:mined":{"minecraft:dark_oak_planks":1,"minecraft:white_bed":1,"minecraft:red_bed":1,"minecraft:dark_oak_leaves":1,"minecraft:smoker":4,"minecraft:powder_snow":25,"minecraft:crafting_table":6,"minecraft:torch":2,"minecraft:dark_oak_fence":6,"minecraft:short_grass":9,"minecraft:blast_furnace":1,"minecraft:grass_block":4,"minecraft:decorated_pot":1,"minecraft:tall_grass":4,"minecraft:cobblestone":1,"minecraft:oak_planks":1,"minecraft:wall_torch":2,"minecraft:large_fern":2,"minecraft:hay_block":20,"minecraft:furnace":1,"minecraft:sweet_berry_bush":10,"minecraft:iron_ore":97,"minecraft:fire":1,"minecraft:birch_leaves":1,"minecraft:coal_ore":70,"minecraft:oak_log":18,"minecraft:sunflower":1,"minecraft:dirt":1,"minecraft:packed_ice":25,"minecraft:stone":53,"minecraft:fern":6,"minecraft:oak_leaves":9},"minecraft:killed":{"minecraft:pig":6,"minecraft:vindicator":2,"minecraft:sheep":4,"minecraft:skeleton":9,"minecraft:pillager":3,"minecraft:zombie":12,"minecraft:chicken":5,"minecraft:cow":6},"minecraft:used":{"minecraft:cooked_mutton":1,"minecraft:water_bucket":1,"minecraft:stone_sword":93,"minecraft:stone_pickaxe":74,"minecraft:spruce_planks":4,"minecraft:wooden_pickaxe":5,"minecraft:shield":16,"minecraft:iron_sword":11,"minecraft:cooked_chicken":5,"minecraft:trial_key":1,"minecraft:iron_chestplate":1,"minecraft:golden_apple":1,"minecraft:torch":146,"minecraft:dirt":4,"minecraft:crafting_table":6,"minecraft:blast_furnace":1,"minecraft:white_bed":1,"minecraft:cake":1,"minecraft:smoker":4,"minecraft:wooden_axe":49,"minecraft:bread":13,"minecraft:iron_pickaxe":179,"minecraft:stone_axe":51,"minecraft:cobblestone":16,"minecraft:furnace":1,"minecraft:cooked_porkchop":10,"minecraft:bucket":2},"minecraft:dropped":{"minecraft:wheat_seeds":2,"minecraft:stone_sword":1,"minecraft:dripstone_block":3,"minecraft:decorated_pot":1,"minecraft:rotten_flesh":7,"minecraft:feather":4,"minecraft:azure_bluet":8,"minecraft:flint":2,"minecraft:dark_oak_fence":10,"minecraft:spruce_planks":4,"minecraft:bow":1,"minecraft:stone_pickaxe":1,"minecraft:wooden_pickaxe":1,"minecraft:dark_oak_planks":2}},"DataVersion":3953}