{"stats":{"minecraft:picked_up":{"minecraft:birch_log":20,"minecraft:crafting_table":1,"minecraft:feather":3,"minecraft:chicken":2,"minecraft:ladder":8,"minecraft:salmon":9,"minecraft:brown_wool":1,"minecraft:leather":2,"minecraft:filled_map":2,"minecraft:birch_planks":19,"minecraft:enchanted_book":2,"minecraft:oak_log":54,"minecraft:gunpowder":2,"minecraft:dirt":61,"minecraft:lapis_lazuli":44,"minecraft:red_bed":3,"minecraft:raw_copper":32,"minecraft:coast_armor_trim_smithing_template":1,"minecraft:bone":5,"minecraft:apple":3,"minecraft:cracked_stone_bricks":1,"minecraft:wheat_seeds":1,"minecraft:cobbled_deepslate":8,"minecraft:raw_gold":6,"minecraft:iron_ingot":3,"minecraft:beef":5,"minecraft:iron_pickaxe":1,"minecraft:bamboo":32,"minecraft:sugar_cane":2,"minecraft:oak_planks":1,"minecraft:egg":2,"minecraft:stick":87,"minecraft:raw_iron":10,"minecraft:torch":13,"minecraft:gravel":3,"minecraft:porkchop":2,"minecraft:diorite":8,"minecraft:white_bed":1,"minecraft:stone_sword":2,"minecraft:arrow":2,"minecraft:stone_shovel":1,"minecraft:rotten_flesh":6,"minecraft:stone_axe":2,"minecraft:tide_armor_trim_smithing_template":1,"minecraft:granite":9,"minecraft:bread":4,"minecraft:chainmail_helmet":1,"minecraft:black_wool":1,"minecraft:oak_sapling":13,"minecraft:coal":40,"minecraft:iron_bars":1,"minecraft:mutton":12,"minecraft:white_wool":9,"minecraft:cobblestone":353},"minecraft:crafted":{"minecraft:cooked_beef":7,"minecraft:wooden_sword":1,"minecraft:oak_planks":200,"minecraft:cooked_porkchop":2,"minecraft:crafting_table":5,"minecraft:wooden_pickaxe":4,"minecraft:cooked_chicken":2,"minecraft:furnace":5,"minecraft:birch_planks":64,"minecraft:stone_axe":3,"minecraft:cooked_mutton":9,"minecraft:air":0,"minecraft:charcoal":2,"minecraft:ladder":63,"minecraft:stick":340,"minecraft:stone_pickaxe":4,"minecraft:wooden_axe":2,"minecraft:stone_sword":4,"minecraft:chest":3,"minecraft:white_bed":1,"minecraft:torch":40},"minecraft:custom":{"minecraft:interact_with_furnace":48,"minecraft:mob_kills":25,"minecraft:interact_with_crafting_table":62,"minecraft:leave_game":1,"minecraft:time_since_death":27028,"minecraft:climb_one_cm":22545,"minecraft:time_since_rest":27097,"minecraft:sprint_one_cm":333163,"minecraft:damage_taken":3988,"minecraft:walk_one_cm":278853,"minecraft:damage_dealt":4094,"minecraft:swim_one_cm":5412,"minecraft:fly_one_cm":244604,"minecraft:player_kills":2,"minecraft:open_chest":48,"minecraft:crouch_one_cm":6900,"minecraft:play_time":110331,"minecraft:deaths":12,"minecraft:sneak_time":4201,"minecraft:walk_under_water_one_cm":6789,"minecraft:jump":1688,"minecraft:walk_on_water_one_cm":20142,"minecraft:total_world_time":110331,"minecraft:fall_one_cm":41608},"minecraft:mined":{"minecraft:ladder":3,"minecraft:crafting_table":1,"minecraft:torch":6,"minecraft:granite":8,"minecraft:short_grass":24,"minecraft:grass_block":8,"minecraft:copper_ore":9,"minecraft:cobblestone":4,"minecraft:lapis_ore":5,"minecraft:diorite":8,"minecraft:wall_torch":7,"minecraft:birch_log":20,"minecraft:iron_ore":10,"minecraft:coal_ore":40,"minecraft:oak_log":53,"minecraft:sand":1,"minecraft:gravel":3,"minecraft:dirt":27,"minecraft:stone":249,"minecraft:oak_leaves":7},"minecraft:broken":{"minecraft:stone_pickaxe":1,"minecraft:wooden_axe":1,"minecraft:wooden_pickaxe":1},"minecraft:killed":{"minecraft:pig":1,"minecraft:zombie_villager":1,"minecraft:spider":2,"minecraft:creeper":1,"minecraft:skeleton":1,"minecraft:sheep":7,"minecraft:zombie":6,"minecraft:chicken":2,"minecraft:cow":3},"minecraft:used":{"minecraft:cooked_mutton":7,"minecraft:diorite":8,"minecraft:stone_sword":208,"minecraft:birch_planks":1,"minecraft:stone_pickaxe":254,"minecraft:ladder":41,"minecraft:chest":2,"minecraft:wooden_pickaxe":132,"minecraft:cooked_chicken":1,"minecraft:torch":26,"minecraft:dirt":5,"minecraft:crafting_table":6,"minecraft:white_bed":1,"minecraft:granite":6,"minecraft:wooden_axe":54,"minecraft:apple":1,"minecraft:gravel":1,"minecraft:stone_axe":46,"minecraft:wooden_sword":50,"minecraft:cobblestone":17,"minecraft:furnace":4,"minecraft:cooked_beef":6},"minecraft:killed_by":{"minecraft:player":6,"minecraft:skeleton":1,"minecraft:zombie":3}},"DataVersion":3953}