{"stats":{"minecraft:crafted":{"minecraft:wooden_sword":1,"minecraft:oak_planks":120,"minecraft:crafting_table":2,"minecraft:wooden_pickaxe":1,"minecraft:cooked_chicken":1,"minecraft:furnace":2,"minecraft:stone_axe":1,"minecraft:cooked_mutton":2,"minecraft:air":0,"minecraft:charcoal":2,"minecraft:ladder":42,"minecraft:stick":184,"minecraft:stone_pickaxe":1,"minecraft:wooden_axe":2,"minecraft:stone_sword":1,"minecraft:chest":1},"minecraft:picked_up":{"minecraft:crafting_table":1,"minecraft:feather":2,"minecraft:chicken":1,"minecraft:oak_log":30,"minecraft:lapis_lazuli":31,"minecraft:dirt":4,"minecraft:raw_copper":27,"minecraft:bone":2,"minecraft:apple":1,"minecraft:sugar_cane":2,"minecraft:stick":3,"minecraft:torch":6,"minecraft:gravel":3,"minecraft:diorite":8,"minecraft:arrow":2,"minecraft:rotten_flesh":4,"minecraft:granite":6,"minecraft:oak_sapling":3,"minecraft:mutton":2,"minecraft:white_wool":1,"minecraft:cobblestone":106},"minecraft:custom":{"minecraft:interact_with_furnace":19,"minecraft:mob_kills":10,"minecraft:interact_with_crafting_table":19,"minecraft:time_since_death":17421,"minecraft:climb_one_cm":5062,"minecraft:time_since_rest":17455,"minecraft:sprint_one_cm":92088,"minecraft:damage_taken":1142,"minecraft:walk_one_cm":148701,"minecraft:damage_dealt":2252,"minecraft:swim_one_cm":1847,"minecraft:fly_one_cm":60905,"minecraft:player_kills":1,"minecraft:open_chest":30,"minecraft:crouch_one_cm":2388,"minecraft:play_time":42665,"minecraft:deaths":3,"minecraft:sneak_time":2131,"minecraft:walk_under_water_one_cm":3436,"minecraft:jump":599,"minecraft:walk_on_water_one_cm":6513,"minecraft:total_world_time":42665,"minecraft:fall_one_cm":13742},"minecraft:broken":{"minecraft:wooden_axe":1,"minecraft:wooden_pickaxe":1},"minecraft:mined":{"minecraft:crafting_table":1,"minecraft:torch":3,"minecraft:granite":6,"minecraft:short_grass":13,"minecraft:grass_block":2,"minecraft:copper_ore":8,"minecraft:cobblestone":3,"minecraft:lapis_ore":5,"minecraft:diorite":8,"minecraft:wall_torch":4,"minecraft:oak_log":30,"minecraft:gravel":3,"minecraft:dirt":2,"minecraft:stone":106,"minecraft:oak_leaves":2},"minecraft:killed":{"minecraft:zombie_villager":1,"minecraft:spider":2,"minecraft:sheep":1,"minecraft:skeleton":1,"minecraft:zombie":4,"minecraft:chicken":1},"minecraft:used":{"minecraft:cooked_mutton":2,"minecraft:diorite":8,"minecraft:stone_sword":85,"minecraft:stone_pickaxe":100,"minecraft:ladder":27,"minecraft:chest":1,"minecraft:wooden_pickaxe":59,"minecraft:cooked_chicken":1,"minecraft:torch":3,"minecraft:dirt":1,"minecraft:crafting_table":3,"minecraft:granite":6,"minecraft:wooden_axe":41,"minecraft:apple":1,"minecraft:stone_axe":18,"minecraft:wooden_sword":50,"minecraft:cobblestone":6,"minecraft:furnace":1},"minecraft:killed_by":{"minecraft:skeleton":1,"minecraft:zombie":2}},"DataVersion":3953}