{"stats":{"minecraft:mined":{"minecraft:grass":1},"minecraft:custom":{"minecraft:time_since_rest":1512,"minecraft:crouch_one_cm":63,"minecraft:sprint_one_cm":11476,"minecraft:play_time":5948,"minecraft:walk_one_cm":8856,"minecraft:damage_taken":795,"minecraft:deaths":3,"minecraft:sneak_time":266,"minecraft:walk_under_water_one_cm":4688,"minecraft:mob_kills":1,"minecraft:jump":84,"minecraft:damage_dealt":223,"minecraft:leave_game":1,"minecraft:walk_on_water_one_cm":46,"minecraft:time_since_death":0,"minecraft:total_world_time":5948,"minecraft:swim_one_cm":807,"minecraft:fall_one_cm":4324,"minecraft:fly_one_cm":13336},"minecraft:killed":{"spore:inf_villager":1},"minecraft:killed_by":{"spore:inf_human":1,"spore:inf_villager":1},"minecraft:picked_up":{"minecraft:arrow":1,"minecraft:wheat_seeds":1,"spore:mutated_fiber":4}},"DataVersion":3465}