{"stats":{"minecraft:crafted":{"minecraft:cooked_beef":4,"minecraft:wooden_sword":1,"minecraft:oak_planks":144,"minecraft:crafting_table":3,"minecraft:wooden_pickaxe":3,"minecraft:cooked_chicken":1,"minecraft:furnace":3,"minecraft:birch_planks":8,"minecraft:stone_axe":3,"minecraft:cooked_mutton":2,"minecraft:air":0,"minecraft:charcoal":2,"minecraft:ladder":42,"minecraft:stick":208,"minecraft:stone_pickaxe":3,"minecraft:wooden_axe":2,"minecraft:stone_sword":3,"minecraft:chest":1},"minecraft:picked_up":{"minecraft:birch_log":2,"minecraft:crafting_table":1,"minecraft:feather":2,"minecraft:chicken":1,"minecraft:ladder":7,"minecraft:salmon":9,"minecraft:filled_map":2,"minecraft:birch_planks":19,"minecraft:enchanted_book":2,"minecraft:oak_log":40,"minecraft:gunpowder":2,"minecraft:red_bed":3,"minecraft:lapis_lazuli":44,"minecraft:dirt":35,"minecraft:raw_copper":27,"minecraft:coast_armor_trim_smithing_template":1,"minecraft:bone":5,"minecraft:apple":3,"minecraft:cracked_stone_bricks":1,"minecraft:cobbled_deepslate":8,"minecraft:raw_gold":6,"minecraft:iron_ingot":3,"minecraft:iron_pickaxe":1,"minecraft:bamboo":32,"minecraft:sugar_cane":2,"minecraft:oak_planks":1,"minecraft:raw_iron":9,"minecraft:stick":85,"minecraft:torch":11,"minecraft:gravel":3,"minecraft:diorite":8,"minecraft:white_bed":1,"minecraft:stone_shovel":1,"minecraft:stone_sword":2,"minecraft:arrow":2,"minecraft:rotten_flesh":6,"minecraft:stone_axe":2,"minecraft:tide_armor_trim_smithing_template":1,"minecraft:granite":9,"minecraft:bread":4,"minecraft:chainmail_helmet":1,"minecraft:oak_sapling":9,"minecraft:mutton":2,"minecraft:iron_bars":1,"minecraft:white_wool":5,"minecraft:cobblestone":264},"minecraft:custom":{"minecraft:interact_with_furnace":31,"minecraft:mob_kills":14,"minecraft:interact_with_crafting_table":33,"minecraft:time_since_death":3300,"minecraft:climb_one_cm":22545,"minecraft:time_since_rest":3327,"minecraft:sprint_one_cm":202986,"minecraft:damage_taken":3628,"minecraft:walk_one_cm":199916,"minecraft:damage_dealt":3206,"minecraft:swim_one_cm":1847,"minecraft:fly_one_cm":172907,"minecraft:player_kills":2,"minecraft:open_chest":44,"minecraft:crouch_one_cm":4284,"minecraft:play_time":72665,"minecraft:deaths":11,"minecraft:sneak_time":2967,"minecraft:walk_under_water_one_cm":4244,"minecraft:jump":1234,"minecraft:walk_on_water_one_cm":11137,"minecraft:total_world_time":72665,"minecraft:fall_one_cm":32356},"minecraft:mined":{"minecraft:crafting_table":1,"minecraft:torch":4,"minecraft:granite":8,"minecraft:short_grass":16,"minecraft:grass_block":2,"minecraft:copper_ore":8,"minecraft:cobblestone":3,"minecraft:lapis_ore":5,"minecraft:diorite":8,"minecraft:wall_torch":7,"minecraft:birch_log":2,"minecraft:iron_ore":9,"minecraft:oak_log":39,"minecraft:gravel":3,"minecraft:dirt":2,"minecraft:stone":158,"minecraft:oak_leaves":2},"minecraft:broken":{"minecraft:stone_pickaxe":1,"minecraft:wooden_axe":1,"minecraft:wooden_pickaxe":1},"minecraft:killed":{"minecraft:zombie_villager":1,"minecraft:spider":2,"minecraft:creeper":1,"minecraft:sheep":1,"minecraft:skeleton":1,"minecraft:zombie":6,"minecraft:chicken":1},"minecraft:used":{"minecraft:cooked_mutton":2,"minecraft:diorite":8,"minecraft:stone_sword":125,"minecraft:stone_pickaxe":113,"minecraft:ladder":35,"minecraft:chest":1,"minecraft:wooden_pickaxe":109,"minecraft:cooked_chicken":1,"minecraft:torch":6,"minecraft:dirt":2,"minecraft:crafting_table":4,"minecraft:granite":6,"minecraft:wooden_axe":54,"minecraft:apple":1,"minecraft:gravel":1,"minecraft:stone_axe":18,"minecraft:wooden_sword":50,"minecraft:cobblestone":12,"minecraft:furnace":2,"minecraft:cooked_beef":4},"minecraft:killed_by":{"minecraft:player":6,"minecraft:skeleton":1,"minecraft:zombie":3}},"DataVersion":3953}