{"stats":{"minecraft:used":{"minecraft:wooden_axe":13,"minecraft:crafting_table":1,"minecraft:oak_sapling":1},"minecraft:mined":{"minecraft:spruce_leaves":6,"minecraft:spruce_log":13},"minecraft:crafted":{"minecraft:stick":4,"minecraft:spruce_planks":6,"minecraft:wooden_axe":1},"minecraft:custom":{"minecraft:time_since_rest":1397,"minecraft:crouch_one_cm":29,"minecraft:play_time":18867,"minecraft:sprint_one_cm":26060,"minecraft:deaths":6,"minecraft:damage_taken":1530,"minecraft:walk_one_cm":10326,"minecraft:sneak_time":23,"minecraft:walk_under_water_one_cm":4706,"minecraft:jump":143,"minecraft:damage_dealt":44,"minecraft:time_since_death":1345,"minecraft:leave_game":2,"minecraft:walk_on_water_one_cm":5644,"minecraft:total_world_time":18867,"minecraft:swim_one_cm":36209,"minecraft:interact_with_crafting_table":1,"minecraft:fall_one_cm":4088,"minecraft:fly_one_cm":44806},"minecraft:picked_up":{"minecraft:stick":1,"minecraft:crafting_table":1,"minecraft:spruce_sapling":4,"minecraft:spruce_log":11,"minecraft:oak_sapling":1},"minecraft:killed_by":{"spore:braiomil":2,"spore:inf_player":1,"spore:knight":1,"spore:busser":1}},"DataVersion":3465}