{"stats":{"minecraft:picked_up":{"minecraft:crafting_table":1,"minecraft:feather":2,"minecraft:chicken":1,"minecraft:ladder":7,"minecraft:salmon":9,"minecraft:birch_planks":19,"minecraft:enchanted_book":1,"minecraft:oak_log":32,"minecraft:red_bed":2,"minecraft:lapis_lazuli":31,"minecraft:dirt":35,"minecraft:raw_copper":27,"minecraft:bone":2,"minecraft:apple":3,"minecraft:cracked_stone_bricks":1,"minecraft:sugar_cane":2,"minecraft:oak_planks":1,"minecraft:raw_iron":9,"minecraft:stick":85,"minecraft:torch":11,"minecraft:gravel":3,"minecraft:diorite":8,"minecraft:white_bed":1,"minecraft:stone_sword":2,"minecraft:arrow":2,"minecraft:rotten_flesh":4,"minecraft:stone_axe":2,"minecraft:granite":9,"minecraft:bread":4,"minecraft:chainmail_helmet":1,"minecraft:oak_sapling":9,"minecraft:mutton":2,"minecraft:white_wool":1,"minecraft:cobblestone":118},"minecraft:crafted":{"minecraft:cooked_beef":4,"minecraft:wooden_sword":1,"minecraft:oak_planks":128,"minecraft:crafting_table":2,"minecraft:wooden_pickaxe":1,"minecraft:cooked_chicken":1,"minecraft:furnace":2,"minecraft:stone_axe":1,"minecraft:cooked_mutton":2,"minecraft:air":0,"minecraft:charcoal":2,"minecraft:ladder":42,"minecraft:stick":200,"minecraft:stone_pickaxe":1,"minecraft:wooden_axe":2,"minecraft:stone_sword":2,"minecraft:chest":1},"minecraft:custom":{"minecraft:interact_with_furnace":25,"minecraft:mob_kills":13,"minecraft:interact_with_crafting_table":27,"minecraft:time_since_death":5030,"minecraft:climb_one_cm":22513,"minecraft:time_since_rest":5064,"minecraft:sprint_one_cm":130137,"minecraft:damage_taken":2177,"minecraft:walk_one_cm":172321,"minecraft:damage_dealt":2917,"minecraft:swim_one_cm":1847,"minecraft:fly_one_cm":87747,"minecraft:player_kills":2,"minecraft:open_chest":39,"minecraft:crouch_one_cm":2415,"minecraft:play_time":54665,"minecraft:deaths":6,"minecraft:sneak_time":2156,"minecraft:walk_under_water_one_cm":4244,"minecraft:jump":838,"minecraft:walk_on_water_one_cm":7286,"minecraft:total_world_time":54665,"minecraft:fall_one_cm":17439},"minecraft:mined":{"minecraft:crafting_table":1,"minecraft:torch":4,"minecraft:granite":8,"minecraft:short_grass":13,"minecraft:grass_block":2,"minecraft:copper_ore":8,"minecraft:cobblestone":3,"minecraft:lapis_ore":5,"minecraft:diorite":8,"minecraft:wall_torch":7,"minecraft:iron_ore":9,"minecraft:oak_log":30,"minecraft:gravel":3,"minecraft:dirt":2,"minecraft:stone":108,"minecraft:oak_leaves":2},"minecraft:broken":{"minecraft:stone_pickaxe":1,"minecraft:wooden_axe":1,"minecraft:wooden_pickaxe":1},"minecraft:killed":{"minecraft:zombie_villager":1,"minecraft:spider":2,"minecraft:creeper":1,"minecraft:sheep":1,"minecraft:skeleton":1,"minecraft:zombie":6,"minecraft:chicken":1},"minecraft:used":{"minecraft:cooked_mutton":2,"minecraft:diorite":8,"minecraft:stone_sword":115,"minecraft:stone_pickaxe":113,"minecraft:ladder":35,"minecraft:chest":1,"minecraft:wooden_pickaxe":59,"minecraft:cooked_chicken":1,"minecraft:torch":6,"minecraft:dirt":1,"minecraft:crafting_table":3,"minecraft:granite":6,"minecraft:wooden_axe":54,"minecraft:apple":1,"minecraft:stone_axe":18,"minecraft:wooden_sword":50,"minecraft:cobblestone":12,"minecraft:furnace":1,"minecraft:cooked_beef":2},"minecraft:killed_by":{"minecraft:player":3,"minecraft:skeleton":1,"minecraft:zombie":2}},"DataVersion":3953}