{"stats":{"minecraft:used":{"minecraft:stone_sword":393,"minecraft:ladder":41,"minecraft:chest":2,"minecraft:iron_sword":45,"minecraft:cooked_chicken":1,"minecraft:torch":34,"minecraft:dirt":25,"minecraft:granite":6,"minecraft:wooden_axe":54,"minecraft:furnace":5,"minecraft:cooked_beef":10,"minecraft:cooked_mutton":12,"minecraft:diorite":8,"minecraft:birch_planks":4,"minecraft:stone_pickaxe":292,"minecraft:wooden_pickaxe":134,"minecraft:crafting_table":10,"minecraft:blast_furnace":1,"minecraft:white_bed":2,"minecraft:smoker":1,"minecraft:apple":8,"minecraft:melon_slice":4,"minecraft:iron_pickaxe":9,"minecraft:gravel":1,"minecraft:stone_axe":46,"minecraft:wooden_sword":50,"minecraft:cobblestone":17,"minecraft:cooked_porkchop":2},"minecraft:picked_up":{"minecraft:cocoa_beans":5,"minecraft:crafting_table":5,"minecraft:chicken":2,"minecraft:ladder":8,"minecraft:enchanted_book":2,"minecraft:potion":1,"minecraft:raw_copper":37,"minecraft:string":6,"minecraft:red_bed":3,"minecraft:cracked_stone_bricks":1,"minecraft:cobbled_deepslate":8,"minecraft:spruce_planks":17,"minecraft:beef":5,"minecraft:iron_pickaxe":1,"minecraft:melon_slice":4,"minecraft:sugar_cane":2,"minecraft:birch_sapling":1,"minecraft:egg":3,"minecraft:furnace":1,"minecraft:raw_iron":24,"minecraft:stick":94,"minecraft:torch":27,"minecraft:porkchop":2,"minecraft:diorite":8,"minecraft:stone_sword":2,"minecraft:arrow":30,"minecraft:rotten_flesh":29,"minecraft:stone_shovel":1,"minecraft:mutton":17,"minecraft:iron_bars":1,"minecraft:white_wool":10,"minecraft:cobblestone":355,"minecraft:birch_log":20,"minecraft:feather":3,"minecraft:cooked_beef":2,"minecraft:salmon":9,"minecraft:leather":2,"minecraft:brown_wool":2,"minecraft:smoker":2,"minecraft:birch_planks":19,"minecraft:filled_map":2,"minecraft:oak_log":54,"minecraft:gunpowder":2,"minecraft:lapis_lazuli":44,"minecraft:dirt":76,"minecraft:coast_armor_trim_smithing_template":1,"minecraft:bone":9,"minecraft:apple":10,"minecraft:wheat_seeds":1,"minecraft:raw_gold":6,"minecraft:iron_ingot":73,"minecraft:bamboo":100,"minecraft:oak_planks":1,"minecraft:iron_sword":1,"minecraft:sweet_berries":16,"minecraft:gravel":4,"minecraft:sand":13,"minecraft:spruce_sapling":2,"minecraft:blast_furnace":2,"minecraft:white_bed":4,"minecraft:spruce_log":19,"minecraft:spider_eye":4,"minecraft:dark_oak_log":3,"minecraft:polished_tuff":3,"minecraft:mossy_cobblestone":2,"minecraft:stone_axe":2,"minecraft:tide_armor_trim_smithing_template":1,"minecraft:granite":9,"minecraft:bread":4,"minecraft:chainmail_helmet":1,"minecraft:emerald":8,"minecraft:oak_sapling":14,"minecraft:black_wool":1,"minecraft:coal":67},"minecraft:broken":{"minecraft:stone_sword":2,"minecraft:wooden_pickaxe":1,"minecraft:stone_pickaxe":1,"minecraft:wooden_axe":1},"minecraft:mined":{"minecraft:white_bed":2,"minecraft:mossy_cobblestone":4,"minecraft:granite":8,"minecraft:ladder":3,"minecraft:grass_block":9,"minecraft:spruce_leaves":4,"minecraft:furnace":1,"minecraft:iron_ore":11,"minecraft:polished_tuff":3,"minecraft:vine":1,"minecraft:bamboo":11,"minecraft:stone":251,"minecraft:smoker":2,"minecraft:powder_snow":3,"minecraft:crafting_table":5,"minecraft:torch":14,"minecraft:short_grass":32,"minecraft:blast_furnace":2,"minecraft:melon":1,"minecraft:dead_bush":2,"minecraft:copper_ore":9,"minecraft:cobblestone":4,"minecraft:lapis_ore":5,"minecraft:diorite":8,"minecraft:wall_torch":15,"minecraft:birch_log":20,"minecraft:sweet_berry_bush":7,"minecraft:spruce_log":7,"minecraft:oak_log":53,"minecraft:coal_ore":50,"minecraft:cocoa":2,"minecraft:gravel":4,"minecraft:sand":1,"minecraft:dirt":29,"minecraft:oak_leaves":29,"minecraft:fern":4},"minecraft:dropped":{"minecraft:iron_ingot":39},"minecraft:killed_by":{"minecraft:player":6,"minecraft:skeleton":2,"minecraft:zombie":3},"minecraft:custom":{"minecraft:mob_kills":44,"minecraft:interact_with_crafting_table":77,"minecraft:eat_cake_slice":5,"minecraft:leave_game":3,"minecraft:time_since_death":36380,"minecraft:climb_one_cm":25139,"minecraft:sprint_one_cm":540592,"minecraft:walk_one_cm":504349,"minecraft:drop":39,"minecraft:play_time":170580,"minecraft:deaths":13,"minecraft:sneak_time":6566,"minecraft:walk_under_water_one_cm":13973,"minecraft:boat_one_cm":129212,"minecraft:jump":2924,"minecraft:interact_with_blast_furnace":14,"minecraft:walk_on_water_one_cm":26336,"minecraft:total_world_time":170580,"minecraft:interact_with_furnace":51,"minecraft:time_since_rest":36421,"minecraft:damage_taken":5414,"minecraft:damage_dealt":7354,"minecraft:player_kills":2,"minecraft:fly_one_cm":434542,"minecraft:swim_one_cm":50156,"minecraft:open_chest":48,"minecraft:crouch_one_cm":15214,"minecraft:interact_with_smoker":10,"minecraft:fall_one_cm":66694},"minecraft:killed":{"minecraft:spider":5,"minecraft:skeleton":4,"minecraft:chicken":2,"minecraft:husk":2,"minecraft:pig":1,"minecraft:zombie_villager":1,"minecraft:creeper":1,"minecraft:sheep":8,"minecraft:zombie":12,"minecraft:cow":3},"minecraft:crafted":{"minecraft:wooden_sword":1,"minecraft:oak_planks":200,"minecraft:cooked_chicken":2,"minecraft:furnace":5,"minecraft:cooked_mutton":12,"minecraft:iron_boots":1,"minecraft:ladder":63,"minecraft:stone_pickaxe":4,"minecraft:chest":3,"minecraft:cooked_beef":9,"minecraft:cooked_porkchop":2,"minecraft:crafting_table":6,"minecraft:spruce_planks":76,"minecraft:wooden_pickaxe":5,"minecraft:iron_helmet":1,"minecraft:iron_sword":1,"minecraft:birch_planks":64,"minecraft:stone_axe":3,"minecraft:air":0,"minecraft:iron_chestplate":1,"minecraft:charcoal":2,"minecraft:stick":344,"minecraft:iron_ingot":16,"minecraft:iron_pickaxe":1,"minecraft:wooden_axe":2,"minecraft:stone_sword":5,"minecraft:iron_leggings":1,"minecraft:white_bed":1,"minecraft:torch":40}},"DataVersion":3953}