{"stats":{"minecraft:used":{"minecraft:wooden_axe":28,"minecraft:wooden_pickaxe":12,"minecraft:wooden_sword":1,"minecraft:crafting_table":3,"minecraft:oak_sapling":1,"croptopia:orange":4},"minecraft:mined":{"croptopia:orange_crop":4,"minecraft:spruce_log":26,"minecraft:dandelion":1,"minecraft:crafting_table":1,"minecraft:grass":9,"biomesoplenty:bush":20,"minecraft:grass_block":2,"minecraft:oak_log":4,"croptopia:celery_crop":1,"minecraft:dirt":2,"minecraft:sand":1,"minecraft:spruce_leaves":6,"minecraft:oak_leaves":6},"minecraft:crafted":{"minecraft:wooden_sword":1,"minecraft:oak_planks":16,"minecraft:crafting_table":2,"minecraft:spruce_planks":34,"minecraft:stick":8,"minecraft:wooden_pickaxe":1,"minecraft:wooden_axe":2},"minecraft:custom":{"minecraft:time_since_rest":814,"minecraft:sprint_one_cm":70756,"minecraft:damage_taken":3601,"minecraft:walk_one_cm":36129,"minecraft:damage_dealt":174,"minecraft:swim_one_cm":55120,"minecraft:interact_with_crafting_table":5,"minecraft:fly_one_cm":142536,"minecraft:crouch_one_cm":321,"minecraft:play_time":61579,"minecraft:deaths":14,"minecraft:sneak_time":189,"minecraft:walk_under_water_one_cm":6524,"minecraft:boat_one_cm":526260,"minecraft:jump":530,"minecraft:leave_game":6,"minecraft:time_since_death":0,"minecraft:walk_on_water_one_cm":13801,"minecraft:total_world_time":61579,"minecraft:fall_one_cm":15854},"minecraft:picked_up":{"minecraft:stick":8,"minecraft:crafting_table":2,"croptopia:celery_seed":2,"minecraft:sand":1,"minecraft:oak_log":4,"minecraft:spruce_sapling":13,"minecraft:spruce_log":24,"croptopia:celery":1,"minecraft:dirt":4,"minecraft:wheat_seeds":1,"croptopia:orange":4,"minecraft:oak_sapling":1},"minecraft:killed_by":{"cataclysm:deepling":1,"spore:inf_player":3,"minecraft:player":2,"spore:busser":3,"spore:braiomil":2,"spore:leaper":1,"spore:knight":1}},"DataVersion":3465}