{"stats":{"minecraft:crafted":{"minecraft:wooden_sword":1,"minecraft:oak_planks":52,"minecraft:crafting_table":2,"minecraft:stick":8,"minecraft:wooden_pickaxe":1,"minecraft:wooden_axe":2,"minecraft:furnace":2},"minecraft:picked_up":{"minecraft:crafting_table":1,"minecraft:feather":2,"minecraft:chicken":1,"minecraft:torch":1,"minecraft:gravel":3,"minecraft:oak_log":13,"minecraft:dirt":4,"minecraft:sugar_cane":2,"minecraft:mutton":2,"minecraft:white_wool":1,"minecraft:cobblestone":43},"minecraft:custom":{"minecraft:time_since_rest":11006,"minecraft:sprint_one_cm":77210,"minecraft:damage_taken":732,"minecraft:walk_one_cm":55646,"minecraft:mob_kills":5,"minecraft:damage_dealt":1204,"minecraft:player_kills":1,"minecraft:swim_one_cm":1847,"minecraft:interact_with_crafting_table":7,"minecraft:fly_one_cm":50622,"minecraft:play_time":18665,"minecraft:deaths":2,"minecraft:sneak_time":4,"minecraft:walk_under_water_one_cm":787,"minecraft:jump":308,"minecraft:walk_on_water_one_cm":3359,"minecraft:time_since_death":10974,"minecraft:total_world_time":18665,"minecraft:fall_one_cm":7819},"minecraft:mined":{"minecraft:crafting_table":1,"minecraft:torch":1,"minecraft:short_grass":9,"minecraft:grass_block":2,"minecraft:oak_log":13,"minecraft:gravel":3,"minecraft:dirt":2,"minecraft:stone":44},"minecraft:broken":{"minecraft:wooden_axe":1},"minecraft:used":{"minecraft:wooden_axe":41,"minecraft:wooden_pickaxe":48,"minecraft:wooden_sword":50,"minecraft:dirt":1,"minecraft:cobblestone":1,"minecraft:crafting_table":3,"minecraft:furnace":1},"minecraft:killed":{"minecraft:sheep":1,"minecraft:zombie":1,"minecraft:chicken":1,"minecraft:zombie_villager":1,"minecraft:spider":1},"minecraft:killed_by":{"minecraft:skeleton":1,"minecraft:zombie":1}},"DataVersion":3953}