{"stats":{"minecraft:picked_up":{"minecraft:dirt":3},"minecraft:custom":{"minecraft:jump":168,"minecraft:time_since_rest":733,"minecraft:deaths":1,"minecraft:damage_dealt":263,"minecraft:walk_on_water_one_cm":232,"minecraft:sprint_one_cm":36942,"minecraft:play_time":6665,"minecraft:damage_taken":300,"minecraft:time_since_death":650,"minecraft:walk_one_cm":13126,"minecraft:total_world_time":6665,"minecraft:walk_under_water_one_cm":238,"minecraft:mob_kills":1,"minecraft:swim_one_cm":1847,"minecraft:fall_one_cm":5710,"minecraft:fly_one_cm":34087},"minecraft:mined":{"minecraft:short_grass":4,"minecraft:grass_block":1,"minecraft:dirt":2},"minecraft:killed":{"minecraft:zombie_villager":1},"minecraft:used":{"minecraft:dirt":1},"minecraft:killed_by":{"minecraft:zombie":1}},"DataVersion":3953}