{"stats":{"minecraft:used":{"minecraft:wooden_axe":13,"minecraft:crafting_table":2,"minecraft:oak_sapling":1},"minecraft:mined":{"minecraft:spruce_log":13,"minecraft:grass":1,"biomesoplenty:bush":4,"minecraft:grass_block":2,"minecraft:oak_log":4,"minecraft:sand":1,"minecraft:dirt":2,"minecraft:spruce_leaves":6},"minecraft:crafted":{"minecraft:wooden_sword":1,"minecraft:oak_planks":16,"minecraft:crafting_table":1,"minecraft:spruce_planks":6,"minecraft:stick":8,"minecraft:wooden_axe":1},"minecraft:custom":{"minecraft:time_since_rest":1620,"minecraft:sprint_one_cm":45046,"minecraft:damage_taken":2683,"minecraft:walk_one_cm":18411,"minecraft:damage_dealt":81,"minecraft:swim_one_cm":49118,"minecraft:interact_with_crafting_table":2,"minecraft:fly_one_cm":81317,"minecraft:crouch_one_cm":29,"minecraft:play_time":30867,"minecraft:deaths":10,"minecraft:sneak_time":23,"minecraft:walk_under_water_one_cm":5582,"minecraft:boat_one_cm":131636,"minecraft:jump":313,"minecraft:leave_game":2,"minecraft:walk_on_water_one_cm":12300,"minecraft:time_since_death":1517,"minecraft:total_world_time":30867,"minecraft:fall_one_cm":9942},"minecraft:picked_up":{"minecraft:stick":1,"minecraft:crafting_table":1,"minecraft:sand":1,"minecraft:oak_log":4,"minecraft:spruce_sapling":4,"minecraft:spruce_log":11,"minecraft:dirt":4,"minecraft:oak_sapling":1},"minecraft:killed_by":{"cataclysm:deepling":1,"spore:inf_player":3,"spore:busser":2,"spore:braiomil":2,"spore:knight":1}},"DataVersion":3465}