{"stats":{"minecraft:crafted":{"minecraft:wooden_sword":1,"minecraft:oak_planks":52,"minecraft:charcoal":2,"minecraft:crafting_table":2,"minecraft:stick":28,"minecraft:stone_pickaxe":1,"minecraft:wooden_pickaxe":1,"minecraft:wooden_axe":2,"minecraft:stone_sword":1,"minecraft:chest":1,"minecraft:furnace":2,"minecraft:air":0,"minecraft:cooked_mutton":2},"minecraft:picked_up":{"minecraft:crafting_table":1,"minecraft:feather":2,"minecraft:chicken":1,"minecraft:torch":3,"minecraft:gravel":3,"minecraft:oak_log":13,"minecraft:lapis_lazuli":31,"minecraft:dirt":4,"minecraft:rotten_flesh":3,"minecraft:sugar_cane":2,"minecraft:mutton":2,"minecraft:white_wool":1,"minecraft:cobblestone":86},"minecraft:custom":{"minecraft:time_since_rest":5455,"minecraft:interact_with_furnace":13,"minecraft:sprint_one_cm":89249,"minecraft:damage_taken":992,"minecraft:walk_one_cm":135284,"minecraft:mob_kills":9,"minecraft:damage_dealt":2179,"minecraft:player_kills":1,"minecraft:swim_one_cm":1847,"minecraft:interact_with_crafting_table":11,"minecraft:fly_one_cm":58414,"minecraft:open_chest":20,"minecraft:crouch_one_cm":97,"minecraft:play_time":30665,"minecraft:deaths":3,"minecraft:sneak_time":53,"minecraft:walk_under_water_one_cm":3436,"minecraft:jump":503,"minecraft:walk_on_water_one_cm":6513,"minecraft:time_since_death":5421,"minecraft:total_world_time":30665,"minecraft:fall_one_cm":11053},"minecraft:mined":{"minecraft:crafting_table":1,"minecraft:torch":2,"minecraft:short_grass":13,"minecraft:grass_block":2,"minecraft:oak_log":13,"minecraft:gravel":3,"minecraft:dirt":2,"minecraft:lapis_ore":5,"minecraft:stone":86,"minecraft:oak_leaves":1},"minecraft:broken":{"minecraft:wooden_axe":1,"minecraft:wooden_pickaxe":1},"minecraft:used":{"minecraft:cooked_mutton":1,"minecraft:wooden_axe":41,"minecraft:stone_sword":75,"minecraft:stone_pickaxe":55,"minecraft:chest":1,"minecraft:wooden_pickaxe":59,"minecraft:wooden_sword":50,"minecraft:dirt":1,"minecraft:cobblestone":1,"minecraft:crafting_table":3,"minecraft:furnace":1},"minecraft:killed":{"minecraft:skeleton":1,"minecraft:sheep":1,"minecraft:zombie":3,"minecraft:chicken":1,"minecraft:zombie_villager":1,"minecraft:spider":2},"minecraft:killed_by":{"minecraft:skeleton":1,"minecraft:zombie":2}},"DataVersion":3953}