{"stats":{"minecraft:crafted":{"minecraft:wooden_sword":2,"minecraft:oak_planks":236,"minecraft:cooked_chicken":2,"minecraft:furnace":5,"minecraft:cooked_mutton":16,"minecraft:iron_boots":1,"minecraft:ladder":63,"minecraft:stone_pickaxe":6,"minecraft:chest":3,"minecraft:cooked_beef":18,"minecraft:cooked_porkchop":2,"minecraft:crafting_table":7,"minecraft:spruce_planks":76,"minecraft:wooden_pickaxe":7,"minecraft:iron_helmet":1,"minecraft:iron_sword":1,"minecraft:birch_planks":88,"minecraft:oak_wood":3,"minecraft:stone_axe":3,"minecraft:air":0,"minecraft:iron_chestplate":1,"minecraft:charcoal":2,"minecraft:shield":1,"minecraft:stick":364,"minecraft:iron_ingot":16,"minecraft:iron_pickaxe":1,"minecraft:wooden_axe":2,"minecraft:stone_sword":6,"minecraft:iron_leggings":1,"minecraft:white_bed":1,"minecraft:torch":40},"minecraft:picked_up":{"minecraft:cocoa_beans":5,"minecraft:crafting_table":6,"minecraft:nether_wart":2,"minecraft:chicken":8,"minecraft:ladder":8,"minecraft:wooden_pickaxe":1,"minecraft:potion":1,"minecraft:enchanted_book":2,"minecraft:gilded_blackstone":1,"minecraft:string":8,"minecraft:red_bed":3,"minecraft:raw_copper":37,"minecraft:blackstone":5,"minecraft:cracked_stone_bricks":1,"minecraft:gold_nugget":9,"minecraft:cobbled_deepslate":8,"minecraft:spruce_planks":17,"minecraft:beef":23,"minecraft:iron_pickaxe":1,"minecraft:melon_slice":37,"minecraft:sugar_cane":2,"minecraft:birch_sapling":1,"minecraft:waxed_oxidized_copper":1,"minecraft:furnace":1,"minecraft:egg":3,"minecraft:polished_blackstone_brick_slab":3,"minecraft:stick":94,"minecraft:raw_iron":24,"minecraft:torch":27,"minecraft:porkchop":9,"minecraft:polished_blackstone_bricks":5,"minecraft:diorite":8,"minecraft:carrot":1,"minecraft:stone_sword":4,"minecraft:arrow":55,"minecraft:rotten_flesh":47,"minecraft:stone_shovel":1,"minecraft:nether_bricks":1,"minecraft:mutton":29,"minecraft:iron_bars":3,"minecraft:white_wool":15,"minecraft:cobblestone":372,"minecraft:birch_log":26,"minecraft:basalt":5,"minecraft:mud_bricks":1,"minecraft:feather":10,"minecraft:cooked_beef":2,"minecraft:salmon":9,"minecraft:brown_wool":2,"minecraft:leather":11,"minecraft:smoker":3,"minecraft:filled_map":2,"minecraft:birch_planks":19,"minecraft:packed_mud":1,"minecraft:waxed_copper_bulb":1,"minecraft:oak_log":67,"minecraft:gunpowder":2,"minecraft:lapis_lazuli":44,"minecraft:dirt":108,"minecraft:bone":40,"minecraft:coast_armor_trim_smithing_template":1,"minecraft:apple":10,"minecraft:bow":2,"minecraft:wheat_seeds":5,"minecraft:raw_gold":6,"minecraft:stone_pickaxe":1,"minecraft:iron_ingot":81,"minecraft:bamboo":112,"minecraft:soul_sand":2,"minecraft:iron_sword":1,"minecraft:oak_planks":1,"minecraft:cooked_porkchop":14,"minecraft:sweet_berries":16,"minecraft:dandelion":1,"minecraft:waxed_chiseled_copper":1,"minecraft:gravel":4,"minecraft:sand":13,"minecraft:spruce_sapling":2,"minecraft:blast_furnace":2,"minecraft:white_bed":10,"minecraft:spruce_log":19,"minecraft:dark_oak_log":3,"minecraft:spider_eye":5,"minecraft:polished_tuff":3,"minecraft:mossy_cobblestone":2,"minecraft:tide_armor_trim_smithing_template":1,"minecraft:stone_axe":2,"minecraft:granite":9,"minecraft:gray_wool":1,"minecraft:emerald":8,"minecraft:bread":4,"minecraft:chainmail_helmet":1,"minecraft:oak_sapling":14,"minecraft:netherrack":7,"minecraft:black_wool":3,"minecraft:coal":67},"minecraft:custom":{"minecraft:mob_kills":127,"minecraft:interact_with_crafting_table":102,"minecraft:open_barrel":2,"minecraft:eat_cake_slice":5,"minecraft:leave_game":10,"minecraft:time_since_death":28713,"minecraft:climb_one_cm":31618,"minecraft:sprint_one_cm":819372,"minecraft:walk_one_cm":890226,"minecraft:damage_blocked_by_shield":160,"minecraft:drop":59,"minecraft:play_time":282439,"minecraft:sneak_time":8149,"minecraft:deaths":18,"minecraft:walk_under_water_one_cm":16844,"minecraft:boat_one_cm":129212,"minecraft:jump":5083,"minecraft:interact_with_blast_furnace":17,"minecraft:walk_on_water_one_cm":31574,"minecraft:total_world_time":282439,"minecraft:interact_with_furnace":54,"minecraft:sleep_in_bed":3,"minecraft:time_since_rest":28740,"minecraft:damage_taken":8508,"minecraft:damage_dealt":17817,"minecraft:player_kills":2,"minecraft:swim_one_cm":56098,"minecraft:fly_one_cm":1101809,"minecraft:open_chest":69,"minecraft:crouch_one_cm":19564,"minecraft:interact_with_smoker":28,"minecraft:fall_one_cm":127585,"minecraft:inspect_dispenser":1},"minecraft:broken":{"minecraft:stone_sword":2,"minecraft:wooden_pickaxe":2,"minecraft:stone_pickaxe":1,"minecraft:iron_sword":1,"minecraft:wooden_axe":1},"minecraft:mined":{"minecraft:nether_gold_ore":2,"minecraft:white_bed":8,"minecraft:mossy_cobblestone":5,"minecraft:nether_bricks":1,"minecraft:ladder":3,"minecraft:granite":8,"minecraft:grass_block":12,"minecraft:decorated_pot":1,"minecraft:cracked_polished_blackstone_bricks":1,"minecraft:polished_blackstone_brick_slab":2,"minecraft:spruce_leaves":4,"minecraft:mud_bricks":1,"minecraft:nether_wart":2,"minecraft:gilded_blackstone":1,"minecraft:polished_blackstone_bricks":4,"minecraft:furnace":1,"minecraft:packed_mud":1,"minecraft:iron_ore":11,"minecraft:polished_tuff":3,"minecraft:vine":1,"minecraft:bamboo":12,"minecraft:stone":261,"minecraft:blackstone":4,"minecraft:soul_sand":2,"minecraft:smoker":3,"minecraft:basalt":7,"minecraft:dandelion":2,"minecraft:powder_snow":3,"minecraft:crafting_table":6,"minecraft:torch":14,"minecraft:short_grass":53,"minecraft:blast_furnace":2,"minecraft:melon":8,"minecraft:dead_bush":2,"minecraft:tall_grass":9,"minecraft:copper_ore":9,"minecraft:cobblestone":6,"minecraft:lapis_ore":5,"minecraft:diorite":8,"minecraft:wall_torch":15,"minecraft:birch_log":26,"minecraft:sweet_berry_bush":7,"minecraft:spruce_log":7,"minecraft:black_wool":1,"minecraft:oak_log":67,"minecraft:coal_ore":50,"minecraft:cocoa":2,"minecraft:gravel":4,"minecraft:sand":1,"minecraft:dirt":35,"minecraft:netherrack":3,"minecraft:oak_leaves":40,"minecraft:fern":6},"minecraft:killed":{"minecraft:spider":7,"minecraft:skeleton":20,"minecraft:chicken":8,"minecraft:silverfish":13,"minecraft:husk":16,"minecraft:pig":7,"minecraft:zombie_villager":1,"minecraft:creeper":1,"minecraft:sheep":15,"minecraft:zombie":18,"minecraft:breeze":3,"minecraft:cow":11},"minecraft:used":{"minecraft:stone_sword":400,"minecraft:ladder":41,"minecraft:chest":2,"minecraft:shield":8,"minecraft:iron_sword":343,"minecraft:cooked_chicken":1,"minecraft:torch":34,"minecraft:dirt":37,"minecraft:carrot":1,"minecraft:oak_wood":3,"minecraft:granite":6,"minecraft:wooden_axe":54,"minecraft:diamond_chestplate":1,"minecraft:basalt":3,"minecraft:bow":16,"minecraft:furnace":5,"minecraft:cooked_beef":17,"minecraft:cooked_mutton":14,"minecraft:diorite":8,"minecraft:birch_planks":4,"minecraft:stone_pickaxe":305,"minecraft:wooden_pickaxe":149,"minecraft:sand":4,"minecraft:crafting_table":12,"minecraft:blast_furnace":2,"minecraft:white_bed":8,"minecraft:smoker":2,"minecraft:diamond_pickaxe":30,"minecraft:black_wool":2,"minecraft:apple":8,"minecraft:bread":1,"minecraft:melon_slice":31,"minecraft:iron_pickaxe":27,"minecraft:gravel":1,"minecraft:stone_axe":46,"minecraft:diamond_sword":30,"minecraft:wooden_sword":60,"minecraft:cobblestone":17,"minecraft:cooked_porkchop":16,"minecraft:waxed_copper_bulb":1},"minecraft:dropped":{"minecraft:iron_ingot":39,"minecraft:cobblestone":6,"minecraft:waxed_oxidized_copper":1,"minecraft:iron_pickaxe":1,"minecraft:string":1,"minecraft:stone_sword":3,"minecraft:rotten_flesh":1,"minecraft:diamond_chestplate":1,"minecraft:bamboo":8,"minecraft:waxed_chiseled_copper":1,"minecraft:stone_pickaxe":2,"minecraft:wooden_pickaxe":2},"minecraft:killed_by":{"minecraft:player":7,"minecraft:skeleton":4,"minecraft:zombie":3}},"DataVersion":3953}