{"stats":{"minecraft:used":{"minecraft:cooked_mutton":9,"minecraft:diorite":8,"minecraft:stone_sword":393,"minecraft:birch_planks":4,"minecraft:stone_pickaxe":292,"minecraft:ladder":41,"minecraft:chest":2,"minecraft:wooden_pickaxe":132,"minecraft:cooked_chicken":1,"minecraft:torch":34,"minecraft:dirt":25,"minecraft:crafting_table":8,"minecraft:white_bed":2,"minecraft:granite":6,"minecraft:wooden_axe":54,"minecraft:apple":8,"minecraft:gravel":1,"minecraft:wooden_sword":50,"minecraft:stone_axe":46,"minecraft:cobblestone":17,"minecraft:furnace":5,"minecraft:cooked_porkchop":2,"minecraft:cooked_beef":10},"minecraft:picked_up":{"minecraft:birch_log":20,"minecraft:crafting_table":3,"minecraft:feather":3,"minecraft:cooked_beef":2,"minecraft:chicken":2,"minecraft:ladder":8,"minecraft:salmon":9,"minecraft:brown_wool":2,"minecraft:leather":2,"minecraft:filled_map":2,"minecraft:birch_planks":19,"minecraft:enchanted_book":2,"minecraft:oak_log":54,"minecraft:gunpowder":2,"minecraft:lapis_lazuli":44,"minecraft:string":6,"minecraft:dirt":76,"minecraft:red_bed":3,"minecraft:raw_copper":37,"minecraft:coast_armor_trim_smithing_template":1,"minecraft:bone":7,"minecraft:apple":10,"minecraft:cracked_stone_bricks":1,"minecraft:wheat_seeds":1,"minecraft:cobbled_deepslate":8,"minecraft:raw_gold":6,"minecraft:iron_ingot":35,"minecraft:beef":5,"minecraft:iron_pickaxe":1,"minecraft:bamboo":32,"minecraft:sugar_cane":2,"minecraft:oak_planks":1,"minecraft:furnace":1,"minecraft:egg":3,"minecraft:stick":93,"minecraft:raw_iron":13,"minecraft:sweet_berries":16,"minecraft:torch":26,"minecraft:gravel":4,"minecraft:porkchop":2,"minecraft:sand":13,"minecraft:spruce_sapling":2,"minecraft:spruce_log":7,"minecraft:diorite":8,"minecraft:white_bed":4,"minecraft:mossy_cobblestone":2,"minecraft:dark_oak_log":3,"minecraft:spider_eye":4,"minecraft:stone_sword":2,"minecraft:arrow":29,"minecraft:stone_shovel":1,"minecraft:rotten_flesh":16,"minecraft:stone_axe":2,"minecraft:tide_armor_trim_smithing_template":1,"minecraft:granite":9,"minecraft:chainmail_helmet":1,"minecraft:bread":4,"minecraft:oak_sapling":14,"minecraft:black_wool":1,"minecraft:mutton":15,"minecraft:iron_bars":1,"minecraft:coal":61,"minecraft:white_wool":9,"minecraft:cobblestone":355},"minecraft:mined":{"minecraft:white_bed":2,"minecraft:mossy_cobblestone":4,"minecraft:powder_snow":3,"minecraft:torch":13,"minecraft:crafting_table":3,"minecraft:ladder":3,"minecraft:granite":8,"minecraft:short_grass":27,"minecraft:grass_block":9,"minecraft:dead_bush":1,"minecraft:copper_ore":9,"minecraft:cobblestone":4,"minecraft:spruce_leaves":4,"minecraft:lapis_ore":5,"minecraft:diorite":8,"minecraft:wall_torch":15,"minecraft:furnace":1,"minecraft:sweet_berry_bush":7,"minecraft:birch_log":20,"minecraft:iron_ore":11,"minecraft:spruce_log":7,"minecraft:coal_ore":50,"minecraft:oak_log":53,"minecraft:sand":1,"minecraft:gravel":4,"minecraft:dirt":29,"minecraft:stone":251,"minecraft:oak_leaves":28,"minecraft:fern":4},"minecraft:broken":{"minecraft:stone_pickaxe":1,"minecraft:stone_sword":2,"minecraft:wooden_axe":1,"minecraft:wooden_pickaxe":1},"minecraft:killed_by":{"minecraft:player":6,"minecraft:skeleton":2,"minecraft:zombie":3},"minecraft:custom":{"minecraft:interact_with_furnace":51,"minecraft:mob_kills":41,"minecraft:interact_with_crafting_table":65,"minecraft:leave_game":3,"minecraft:time_since_death":6380,"minecraft:climb_one_cm":22545,"minecraft:time_since_rest":6421,"minecraft:sprint_one_cm":454108,"minecraft:damage_taken":5232,"minecraft:walk_one_cm":364024,"minecraft:damage_dealt":6665,"minecraft:swim_one_cm":17432,"minecraft:fly_one_cm":390437,"minecraft:player_kills":2,"minecraft:open_chest":48,"minecraft:crouch_one_cm":12463,"minecraft:play_time":140580,"minecraft:sneak_time":5917,"minecraft:deaths":13,"minecraft:walk_under_water_one_cm":7426,"minecraft:boat_one_cm":119172,"minecraft:jump":2418,"minecraft:walk_on_water_one_cm":23331,"minecraft:total_world_time":140580,"minecraft:fall_one_cm":61347},"minecraft:killed":{"minecraft:pig":1,"minecraft:zombie_villager":1,"minecraft:spider":5,"minecraft:creeper":1,"minecraft:skeleton":4,"minecraft:sheep":7,"minecraft:zombie":12,"minecraft:chicken":2,"minecraft:cow":3},"minecraft:crafted":{"minecraft:cooked_beef":9,"minecraft:wooden_sword":1,"minecraft:oak_planks":200,"minecraft:cooked_porkchop":2,"minecraft:crafting_table":6,"minecraft:iron_helmet":1,"minecraft:spruce_planks":28,"minecraft:cooked_chicken":2,"minecraft:wooden_pickaxe":4,"minecraft:iron_sword":1,"minecraft:furnace":5,"minecraft:birch_planks":64,"minecraft:stone_axe":3,"minecraft:cooked_mutton":9,"minecraft:air":0,"minecraft:charcoal":2,"minecraft:ladder":63,"minecraft:stick":340,"minecraft:stone_pickaxe":4,"minecraft:wooden_axe":2,"minecraft:stone_sword":5,"minecraft:iron_leggings":1,"minecraft:chest":3,"minecraft:white_bed":1,"minecraft:torch":40}},"DataVersion":3953}