{"stats":{"minecraft:picked_up":{"minecraft:birch_log":12,"minecraft:crafting_table":1,"minecraft:feather":3,"minecraft:chicken":2,"minecraft:ladder":8,"minecraft:salmon":9,"minecraft:leather":2,"minecraft:filled_map":2,"minecraft:birch_planks":19,"minecraft:enchanted_book":2,"minecraft:oak_log":54,"minecraft:gunpowder":2,"minecraft:dirt":52,"minecraft:lapis_lazuli":44,"minecraft:red_bed":3,"minecraft:raw_copper":27,"minecraft:coast_armor_trim_smithing_template":1,"minecraft:bone":5,"minecraft:apple":3,"minecraft:cracked_stone_bricks":1,"minecraft:cobbled_deepslate":8,"minecraft:raw_gold":6,"minecraft:iron_ingot":3,"minecraft:beef":3,"minecraft:iron_pickaxe":1,"minecraft:bamboo":32,"minecraft:sugar_cane":2,"minecraft:oak_planks":1,"minecraft:egg":2,"minecraft:stick":87,"minecraft:raw_iron":9,"minecraft:torch":11,"minecraft:gravel":3,"minecraft:diorite":8,"minecraft:white_bed":1,"minecraft:stone_sword":2,"minecraft:arrow":2,"minecraft:stone_shovel":1,"minecraft:rotten_flesh":6,"minecraft:stone_axe":2,"minecraft:tide_armor_trim_smithing_template":1,"minecraft:granite":9,"minecraft:bread":4,"minecraft:chainmail_helmet":1,"minecraft:oak_sapling":13,"minecraft:coal":2,"minecraft:iron_bars":1,"minecraft:mutton":2,"minecraft:white_wool":5,"minecraft:cobblestone":330},"minecraft:crafted":{"minecraft:cooked_beef":7,"minecraft:wooden_sword":1,"minecraft:oak_planks":200,"minecraft:crafting_table":4,"minecraft:wooden_pickaxe":3,"minecraft:cooked_chicken":2,"minecraft:furnace":4,"minecraft:birch_planks":32,"minecraft:stone_axe":3,"minecraft:cooked_mutton":2,"minecraft:air":0,"minecraft:charcoal":2,"minecraft:ladder":63,"minecraft:stick":320,"minecraft:stone_pickaxe":3,"minecraft:wooden_axe":2,"minecraft:stone_sword":3,"minecraft:chest":2,"minecraft:torch":4},"minecraft:custom":{"minecraft:interact_with_furnace":36,"minecraft:mob_kills":17,"minecraft:interact_with_crafting_table":41,"minecraft:leave_game":1,"minecraft:time_since_death":979,"minecraft:climb_one_cm":22545,"minecraft:time_since_rest":1048,"minecraft:sprint_one_cm":251630,"minecraft:damage_taken":3878,"minecraft:walk_one_cm":222462,"minecraft:damage_dealt":3388,"minecraft:swim_one_cm":1847,"minecraft:fly_one_cm":192222,"minecraft:player_kills":2,"minecraft:open_chest":48,"minecraft:crouch_one_cm":6843,"minecraft:play_time":84282,"minecraft:deaths":12,"minecraft:sneak_time":4147,"minecraft:walk_under_water_one_cm":4244,"minecraft:jump":1375,"minecraft:walk_on_water_one_cm":11137,"minecraft:total_world_time":84282,"minecraft:fall_one_cm":35204},"minecraft:mined":{"minecraft:ladder":3,"minecraft:crafting_table":1,"minecraft:torch":4,"minecraft:granite":8,"minecraft:short_grass":16,"minecraft:grass_block":6,"minecraft:copper_ore":8,"minecraft:cobblestone":4,"minecraft:lapis_ore":5,"minecraft:diorite":8,"minecraft:wall_torch":7,"minecraft:birch_log":12,"minecraft:iron_ore":9,"minecraft:coal_ore":2,"minecraft:oak_log":53,"minecraft:gravel":3,"minecraft:dirt":18,"minecraft:stone":224,"minecraft:oak_leaves":5},"minecraft:broken":{"minecraft:stone_pickaxe":1,"minecraft:wooden_axe":1,"minecraft:wooden_pickaxe":1},"minecraft:killed":{"minecraft:zombie_villager":1,"minecraft:spider":2,"minecraft:creeper":1,"minecraft:skeleton":1,"minecraft:sheep":1,"minecraft:zombie":6,"minecraft:chicken":2,"minecraft:cow":2},"minecraft:used":{"minecraft:cooked_mutton":2,"minecraft:diorite":8,"minecraft:stone_sword":137,"minecraft:stone_pickaxe":200,"minecraft:ladder":41,"minecraft:chest":2,"minecraft:wooden_pickaxe":109,"minecraft:cooked_chicken":1,"minecraft:torch":8,"minecraft:dirt":2,"minecraft:crafting_table":5,"minecraft:granite":6,"minecraft:wooden_axe":54,"minecraft:apple":1,"minecraft:gravel":1,"minecraft:stone_axe":46,"minecraft:wooden_sword":50,"minecraft:cobblestone":17,"minecraft:furnace":3,"minecraft:cooked_beef":6},"minecraft:killed_by":{"minecraft:player":6,"minecraft:skeleton":1,"minecraft:zombie":3}},"DataVersion":3953}