{"stats":{"minecraft:custom":{"minecraft:jump":32,"minecraft:time_since_rest":2495,"minecraft:walk_on_water_one_cm":1162,"minecraft:sprint_one_cm":7818,"minecraft:damage_taken":770,"minecraft:leave_game":2,"minecraft:play_time":6867,"minecraft:walk_one_cm":2116,"minecraft:time_since_death":1243,"minecraft:deaths":3,"minecraft:walk_under_water_one_cm":374,"minecraft:total_world_time":6867,"minecraft:fall_one_cm":1105,"minecraft:fly_one_cm":7442},"minecraft:killed_by":{"spore:braiomil":2,"spore:knight":1}},"DataVersion":3465}