{"stats":{"minecraft:used":{"minecraft:cooked_mutton":9,"minecraft:diorite":8,"minecraft:stone_sword":358,"minecraft:birch_planks":4,"minecraft:stone_pickaxe":287,"minecraft:ladder":41,"minecraft:chest":2,"minecraft:wooden_pickaxe":132,"minecraft:cooked_chicken":1,"minecraft:torch":34,"minecraft:dirt":25,"minecraft:crafting_table":7,"minecraft:white_bed":1,"minecraft:granite":6,"minecraft:wooden_axe":54,"minecraft:apple":2,"minecraft:gravel":1,"minecraft:wooden_sword":50,"minecraft:stone_axe":46,"minecraft:cobblestone":17,"minecraft:furnace":5,"minecraft:cooked_porkchop":2,"minecraft:cooked_beef":10},"minecraft:picked_up":{"minecraft:birch_log":20,"minecraft:crafting_table":2,"minecraft:feather":3,"minecraft:cooked_beef":2,"minecraft:chicken":2,"minecraft:ladder":8,"minecraft:salmon":9,"minecraft:brown_wool":1,"minecraft:leather":2,"minecraft:filled_map":2,"minecraft:birch_planks":19,"minecraft:enchanted_book":2,"minecraft:oak_log":54,"minecraft:gunpowder":2,"minecraft:lapis_lazuli":44,"minecraft:string":6,"minecraft:dirt":76,"minecraft:red_bed":3,"minecraft:raw_copper":32,"minecraft:coast_armor_trim_smithing_template":1,"minecraft:bone":6,"minecraft:apple":10,"minecraft:cracked_stone_bricks":1,"minecraft:wheat_seeds":1,"minecraft:cobbled_deepslate":8,"minecraft:raw_gold":6,"minecraft:iron_ingot":19,"minecraft:beef":5,"minecraft:iron_pickaxe":1,"minecraft:bamboo":32,"minecraft:sugar_cane":2,"minecraft:oak_planks":1,"minecraft:furnace":1,"minecraft:egg":3,"minecraft:stick":87,"minecraft:raw_iron":13,"minecraft:torch":26,"minecraft:gravel":4,"minecraft:porkchop":2,"minecraft:sand":7,"minecraft:diorite":8,"minecraft:white_bed":2,"minecraft:dark_oak_log":3,"minecraft:spider_eye":2,"minecraft:stone_sword":2,"minecraft:arrow":4,"minecraft:stone_shovel":1,"minecraft:rotten_flesh":9,"minecraft:stone_axe":2,"minecraft:tide_armor_trim_smithing_template":1,"minecraft:granite":9,"minecraft:chainmail_helmet":1,"minecraft:bread":4,"minecraft:oak_sapling":14,"minecraft:black_wool":1,"minecraft:mutton":12,"minecraft:iron_bars":1,"minecraft:coal":61,"minecraft:white_wool":9,"minecraft:cobblestone":355},"minecraft:mined":{"minecraft:white_bed":1,"minecraft:powder_snow":3,"minecraft:torch":13,"minecraft:crafting_table":2,"minecraft:ladder":3,"minecraft:granite":8,"minecraft:short_grass":27,"minecraft:grass_block":9,"minecraft:copper_ore":9,"minecraft:cobblestone":4,"minecraft:lapis_ore":5,"minecraft:diorite":8,"minecraft:wall_torch":15,"minecraft:furnace":1,"minecraft:birch_log":20,"minecraft:iron_ore":11,"minecraft:coal_ore":50,"minecraft:oak_log":53,"minecraft:sand":1,"minecraft:gravel":4,"minecraft:dirt":29,"minecraft:stone":251,"minecraft:oak_leaves":28},"minecraft:broken":{"minecraft:stone_pickaxe":1,"minecraft:stone_sword":1,"minecraft:wooden_axe":1,"minecraft:wooden_pickaxe":1},"minecraft:killed_by":{"minecraft:player":6,"minecraft:skeleton":1,"minecraft:zombie":3},"minecraft:custom":{"minecraft:interact_with_furnace":51,"minecraft:mob_kills":37,"minecraft:interact_with_crafting_table":63,"minecraft:leave_game":3,"minecraft:time_since_death":45277,"minecraft:climb_one_cm":22545,"minecraft:time_since_rest":45346,"minecraft:sprint_one_cm":413735,"minecraft:damage_taken":4887,"minecraft:walk_one_cm":330231,"minecraft:damage_dealt":5938,"minecraft:swim_one_cm":14224,"minecraft:fly_one_cm":312609,"minecraft:player_kills":2,"minecraft:open_chest":48,"minecraft:crouch_one_cm":11493,"minecraft:play_time":128580,"minecraft:sneak_time":5679,"minecraft:deaths":12,"minecraft:walk_under_water_one_cm":7043,"minecraft:boat_one_cm":37087,"minecraft:jump":2122,"minecraft:walk_on_water_one_cm":22436,"minecraft:total_world_time":128580,"minecraft:fall_one_cm":53680},"minecraft:killed":{"minecraft:pig":1,"minecraft:zombie_villager":1,"minecraft:spider":4,"minecraft:creeper":1,"minecraft:skeleton":4,"minecraft:sheep":7,"minecraft:zombie":9,"minecraft:chicken":2,"minecraft:cow":3},"minecraft:crafted":{"minecraft:cooked_beef":9,"minecraft:wooden_sword":1,"minecraft:oak_planks":200,"minecraft:cooked_porkchop":2,"minecraft:crafting_table":5,"minecraft:cooked_chicken":2,"minecraft:wooden_pickaxe":4,"minecraft:furnace":5,"minecraft:birch_planks":64,"minecraft:stone_axe":3,"minecraft:cooked_mutton":9,"minecraft:air":0,"minecraft:charcoal":2,"minecraft:ladder":63,"minecraft:stick":340,"minecraft:stone_pickaxe":4,"minecraft:wooden_axe":2,"minecraft:stone_sword":5,"minecraft:chest":3,"minecraft:white_bed":1,"minecraft:torch":40}},"DataVersion":3953}