{"stats":{"minecraft:mined":{"minecraft:grass":3,"minecraft:acacia_planks":6},"minecraft:custom":{"minecraft:time_since_rest":2785,"minecraft:crouch_one_cm":436,"minecraft:sprint_one_cm":58806,"minecraft:play_time":17894,"minecraft:walk_one_cm":22196,"minecraft:damage_taken":2095,"minecraft:deaths":8,"minecraft:sneak_time":904,"minecraft:walk_under_water_one_cm":4873,"minecraft:mob_kills":1,"minecraft:drop":6,"minecraft:jump":300,"minecraft:damage_dealt":307,"minecraft:leave_game":2,"minecraft:walk_on_water_one_cm":4468,"minecraft:time_since_death":0,"minecraft:total_world_time":17894,"minecraft:swim_one_cm":807,"minecraft:interact_with_crafting_table":2,"minecraft:fall_one_cm":10197,"minecraft:fly_one_cm":76421},"minecraft:dropped":{"minecraft:cobblestone":6},"minecraft:killed":{"spore:inf_villager":1},"minecraft:crafted":{"minecraft:stone_sword":1,"minecraft:crafting_table":1,"minecraft:stick":4},"minecraft:used":{"minecraft:crafting_table":1},"minecraft:killed_by":{"minecraft:skeleton":1,"spore:inf_pillager":1,"spore:knight":3,"spore:inf_human":1,"spore:inf_villager":1},"minecraft:picked_up":{"minecraft:arrow":1,"minecraft:acacia_planks":6,"minecraft:wheat_seeds":4,"spore:mutated_fiber":4,"minecraft:cobblestone":12}},"DataVersion":3465}