{"stats":{"minecraft:used":{"minecraft:redstone_torch":2,"minecraft:wooden_axe":18,"croptopia:lemon":4,"minecraft:redstone":1,"minecraft:iron_boots":1,"minecraft:redstone_lamp":2,"minecraft:crafting_table":4,"minecraft:oak_boat":2},"minecraft:mined":{"minecraft:glass_pane":1,"minecraft:spruce_log":6,"minecraft:dark_oak_log":1,"minecraft:crafting_table":1,"minecraft:peony":1,"minecraft:grass":2,"biomesoplenty:bush":3,"minecraft:oak_log":10,"minecraft:redstone_wire":1,"minecraft:tall_grass":3,"minecraft:spruce_leaves":11,"minecraft:oak_leaves":7,"minecraft:spruce_slab":1,"minecraft:redstone_wall_torch":2},"minecraft:crafted":{"minecraft:oak_boat":2,"minecraft:oak_planks":28,"minecraft:crafting_table":4,"minecraft:spruce_planks":24,"minecraft:stick":12,"minecraft:wooden_axe":3},"minecraft:killed":{"minecraft:sheep":2,"spore:inf_witch":1},"minecraft:dropped":{"minecraft:wooden_axe":1,"minecraft:crafting_table":1,"minecraft:oak_sapling":3,"spore:mutated_fiber":3},"minecraft:custom":{"minecraft:time_since_rest":10775,"minecraft:sprint_one_cm":83308,"minecraft:damage_taken":7190,"minecraft:walk_one_cm":76172,"minecraft:mob_kills":3,"minecraft:drop":7,"minecraft:damage_dealt":926,"minecraft:interact_with_crafting_table":4,"minecraft:swim_one_cm":8499,"minecraft:fly_one_cm":169901,"minecraft:open_chest":6,"minecraft:crouch_one_cm":7934,"minecraft:play_time":54541,"minecraft:deaths":25,"minecraft:sneak_time":2321,"minecraft:walk_under_water_one_cm":7327,"minecraft:boat_one_cm":113265,"minecraft:jump":634,"minecraft:leave_game":1,"minecraft:time_since_death":10736,"minecraft:walk_on_water_one_cm":621,"minecraft:total_world_time":54541,"minecraft:climb_one_cm":13250,"minecraft:fall_one_cm":29321},"minecraft:picked_up":{"minecraft:wooden_axe":1,"minecraft:stick":4,"minecraft:crafting_table":1,"minecraft:iron_door":1,"minecraft:spruce_sapling":4,"minecraft:oak_log":9,"minecraft:dark_oak_log":1,"minecraft:spruce_log":8,"minecraft:redstone":1,"minecraft:dirt":16,"croptopia:cherry":9,"minecraft:bone":4,"croptopia:lemon":4,"minecraft:arrow":6,"minecraft:redstone_torch":2,"spore:mutated_fiber":3,"minecraft:glowstone_dust":1,"minecraft:oak_sapling":10,"minecraft:mutton":6,"minecraft:white_wool":3},"minecraft:killed_by":{"spore:inf_player":7,"spore:slasher":5,"spore:busser":1,"spore:griefer":1,"spore:inf_evoker":2,"spore:braiomil":1,"spore:inf_pillager":1,"minecraft:creeper":1,"minecraft:zombie":1}},"DataVersion":3465}