{"stats":{"minecraft:mined":{"minecraft:acacia_log":4,"minecraft:tall_grass":2,"biomesoplenty:desert_grass":3,"biomesoplenty:sprout":1,"biomesoplenty:dune_grass":2},"minecraft:custom":{"minecraft:time_since_rest":3964,"minecraft:crouch_one_cm":88,"minecraft:walk_one_cm":16958,"minecraft:play_time":27001,"minecraft:sprint_one_cm":35542,"minecraft:damage_taken":2945,"minecraft:deaths":11,"minecraft:sneak_time":34,"minecraft:walk_under_water_one_cm":241,"minecraft:drop":2,"minecraft:jump":409,"minecraft:damage_dealt":57,"minecraft:leave_game":1,"minecraft:walk_on_water_one_cm":700,"minecraft:time_since_death":0,"minecraft:total_world_time":27001,"minecraft:swim_one_cm":3009,"minecraft:fall_one_cm":17668,"minecraft:fly_one_cm":93608,"minecraft:player_kills":1},"minecraft:dropped":{"minecraft:vine":1,"spore:mutated_fiber":1},"minecraft:crafted":{"minecraft:acacia_planks":16},"minecraft:killed_by":{"spore:inf_evoker":2,"minecraft:husk":1,"minecraft:skeleton":1,"minecraft:zombie":1,"spore:inf_human":2,"monsterplus:overgrown_skeleton":3},"minecraft:picked_up":{"minecraft:bone":1,"minecraft:acacia_log":4,"spore:mutated_fiber":1,"minecraft:vine":1}},"DataVersion":3465}