{"stats":{"minecraft:crafted":{"minecraft:oak_planks":48,"minecraft:crafting_table":4,"minecraft:wooden_pickaxe":1,"minecraft:birch_boat":1,"minecraft:furnace":3,"minecraft:birch_planks":24,"minecraft:stone_axe":1,"minecraft:air":0,"minecraft:oak_boat":1,"minecraft:charcoal":3,"minecraft:stick":22,"minecraft:iron_ingot":4,"minecraft:iron_pickaxe":1,"minecraft:stone_pickaxe":1,"minecraft:torch":92,"minecraft:dark_oak_planks":4},"minecraft:picked_up":{"minecraft:birch_log":6,"minecraft:crafting_table":4,"minecraft:salmon":3,"minecraft:andesite":3,"minecraft:filled_map":1,"minecraft:flint":1,"minecraft:potion":1,"minecraft:enchanted_book":3,"minecraft:tuff":8,"minecraft:oak_log":17,"minecraft:brick":16,"minecraft:gunpowder":3,"minecraft:lapis_lazuli":26,"minecraft:dirt":20,"minecraft:raw_copper":27,"minecraft:name_tag":1,"minecraft:bone":7,"minecraft:apple":2,"minecraft:cracked_stone_bricks":1,"minecraft:cobbled_deepslate":51,"minecraft:raw_gold":6,"minecraft:iron_ingot":6,"minecraft:mossy_stone_bricks":1,"minecraft:iron_pickaxe":1,"minecraft:bamboo":120,"minecraft:sugar_cane":9,"minecraft:birch_sapling":1,"minecraft:raw_iron":23,"minecraft:torch":54,"minecraft:sand":1,"minecraft:diorite":18,"minecraft:redstone":42,"minecraft:dark_oak_log":1,"minecraft:honey_bottle":1,"minecraft:stone_shovel":1,"minecraft:arrow":2,"minecraft:rotten_flesh":6,"minecraft:diamond":4,"minecraft:stone_axe":2,"minecraft:tide_armor_trim_smithing_template":1,"minecraft:granite":23,"minecraft:gold_ingot":3,"minecraft:oak_sapling":1,"minecraft:iron_bars":1,"minecraft:mutton":11,"minecraft:coal":51,"minecraft:white_wool":8,"minecraft:cobblestone":183},"minecraft:custom":{"minecraft:interact_with_furnace":11,"minecraft:mob_kills":17,"minecraft:interact_with_crafting_table":15,"minecraft:time_since_death":15660,"minecraft:climb_one_cm":540,"minecraft:time_since_rest":15695,"minecraft:sprint_one_cm":92911,"minecraft:damage_taken":1124,"minecraft:walk_one_cm":69531,"minecraft:drop":27,"minecraft:damage_dealt":2351,"minecraft:swim_one_cm":32711,"minecraft:player_kills":1,"minecraft:fly_one_cm":92769,"minecraft:open_chest":2,"minecraft:crouch_one_cm":16199,"minecraft:play_time":65886,"minecraft:deaths":3,"minecraft:sneak_time":6632,"minecraft:walk_under_water_one_cm":9751,"minecraft:boat_one_cm":329345,"minecraft:jump":642,"minecraft:walk_on_water_one_cm":12889,"minecraft:total_world_time":65886,"minecraft:fall_one_cm":20601},"minecraft:mined":{"minecraft:deepslate_redstone_ore":8,"minecraft:tuff":8,"minecraft:dark_oak_leaves":7,"minecraft:dark_oak_log":1,"minecraft:crafting_table":3,"minecraft:torch":6,"minecraft:granite":12,"minecraft:short_grass":2,"minecraft:grass_block":4,"minecraft:deepslate_gold_ore":6,"minecraft:lapis_ore":2,"minecraft:sugar_cane":4,"minecraft:diorite":9,"minecraft:rooted_dirt":2,"minecraft:wall_torch":10,"minecraft:birch_log":6,"minecraft:iron_ore":8,"minecraft:birch_leaves":2,"minecraft:andesite":1,"minecraft:oak_log":18,"minecraft:coal_ore":51,"minecraft:deepslate_iron_ore":7,"minecraft:dirt":11,"minecraft:sand":4,"minecraft:bamboo":6,"minecraft:stone":70,"minecraft:gold_ore":1,"minecraft:oak_leaves":12,"minecraft:deepslate":52},"minecraft:broken":{"minecraft:stone_pickaxe":1},"minecraft:killed":{"minecraft:witch":1,"minecraft:salmon":4,"minecraft:creeper":2,"minecraft:sheep":4,"minecraft:skeleton":1,"minecraft:zombie":3},"minecraft:used":{"minecraft:stone_pickaxe":132,"minecraft:oak_planks":6,"minecraft:wooden_pickaxe":31,"minecraft:birch_boat":1,"minecraft:rotten_flesh":4,"minecraft:torch":87,"minecraft:dirt":3,"minecraft:sand":1,"minecraft:mutton":4,"minecraft:crafting_table":7,"minecraft:tuff":5,"minecraft:granite":16,"minecraft:dark_oak_planks":2,"minecraft:apple":2,"minecraft:iron_pickaxe":107,"minecraft:stone_axe":47,"minecraft:cobblestone":1,"minecraft:potion":1,"minecraft:furnace":3,"minecraft:andesite":3,"minecraft:oak_boat":1},"minecraft:dropped":{"minecraft:enchanted_book":3,"minecraft:raw_copper":27,"minecraft:cobbled_deepslate":43,"minecraft:diamond":4,"minecraft:glass_bottle":1,"minecraft:birch_sapling":1,"minecraft:granite":1,"minecraft:cracked_stone_bricks":1,"minecraft:honey_bottle":1,"minecraft:flint":1,"minecraft:dirt":7,"minecraft:diorite":9,"minecraft:torch":8,"minecraft:mossy_stone_bricks":1,"minecraft:oak_sapling":1,"minecraft:iron_bars":1,"minecraft:brick":16},"minecraft:killed_by":{"minecraft:zombie":2}},"DataVersion":3953}