{"stats":{"minecraft:picked_up":{"minecraft:oak_log":9,"minecraft:oak_sapling":1,"minecraft:sugar_cane":9,"minecraft:birch_sapling":1,"minecraft:dirt":4,"minecraft:cobblestone":4},"minecraft:crafted":{"minecraft:oak_boat":1,"minecraft:oak_planks":36,"minecraft:crafting_table":2,"minecraft:wooden_pickaxe":1,"minecraft:stick":4},"minecraft:custom":{"minecraft:time_since_rest":571,"minecraft:deaths":1,"minecraft:crouch_one_cm":3228,"minecraft:play_time":17886,"minecraft:sprint_one_cm":13341,"minecraft:damage_taken":269,"minecraft:walk_one_cm":8531,"minecraft:sneak_time":1095,"minecraft:boat_one_cm":160477,"minecraft:drop":2,"minecraft:jump":147,"minecraft:damage_dealt":113,"minecraft:time_since_death":537,"minecraft:walk_on_water_one_cm":816,"minecraft:total_world_time":17886,"minecraft:interact_with_crafting_table":3,"minecraft:fall_one_cm":4740,"minecraft:fly_one_cm":18011},"minecraft:mined":{"minecraft:short_grass":1,"minecraft:grass_block":1,"minecraft:oak_log":9,"minecraft:dirt":3,"minecraft:stone":5,"minecraft:birch_leaves":1,"minecraft:sugar_cane":4,"minecraft:oak_leaves":11},"minecraft:used":{"minecraft:crafting_table":2,"minecraft:oak_boat":1,"minecraft:wooden_pickaxe":31},"minecraft:dropped":{"minecraft:birch_sapling":1,"minecraft:oak_sapling":1},"minecraft:killed_by":{"minecraft:zombie":1}},"DataVersion":3953}