{"stats":{"minecraft:crafted":{"minecraft:oak_planks":48,"minecraft:birch_boat":1,"minecraft:furnace":3,"minecraft:stone_pickaxe":2,"minecraft:dark_oak_planks":4,"minecraft:crafting_table":6,"minecraft:wooden_pickaxe":1,"minecraft:birch_planks":24,"minecraft:stone_axe":1,"minecraft:air":0,"minecraft:oak_boat":1,"minecraft:charcoal":3,"minecraft:stick":22,"minecraft:iron_ingot":4,"minecraft:iron_pickaxe":1,"minecraft:torch":112},"minecraft:picked_up":{"minecraft:charcoal":2,"minecraft:crafting_table":4,"minecraft:enchanted_book":3,"minecraft:potion":1,"minecraft:brick":16,"minecraft:string":1,"minecraft:red_bed":4,"minecraft:raw_copper":27,"minecraft:beetroot":3,"minecraft:cracked_stone_bricks":1,"minecraft:cobbled_deepslate":105,"minecraft:iron_pickaxe":2,"minecraft:sugar_cane":9,"minecraft:birch_sapling":1,"minecraft:blue_wool":1,"minecraft:raw_iron":32,"minecraft:stick":74,"minecraft:torch":84,"minecraft:diorite":27,"minecraft:redstone":42,"minecraft:rotten_flesh":7,"minecraft:stone_sword":2,"minecraft:arrow":2,"minecraft:honey_bottle":1,"minecraft:stone_shovel":2,"minecraft:decorated_pot":3,"minecraft:hay_block":7,"minecraft:gold_ingot":3,"minecraft:mutton":13,"minecraft:iron_bars":1,"minecraft:white_wool":12,"minecraft:cobblestone":290,"minecraft:birch_log":6,"minecraft:andesite":3,"minecraft:salmon":3,"minecraft:smoker":1,"minecraft:potato":17,"minecraft:filled_map":3,"minecraft:birch_planks":15,"minecraft:flint":1,"minecraft:tuff":9,"minecraft:oak_log":17,"minecraft:yellow_bed":3,"minecraft:gunpowder":5,"minecraft:lapis_lazuli":52,"minecraft:dirt":20,"minecraft:name_tag":2,"minecraft:coast_armor_trim_smithing_template":1,"minecraft:bone":10,"minecraft:apple":2,"minecraft:wheat_seeds":2,"minecraft:raw_gold":21,"minecraft:bell":1,"minecraft:iron_ingot":9,"minecraft:mossy_stone_bricks":1,"minecraft:bamboo":152,"minecraft:book":6,"minecraft:sand":1,"minecraft:dark_oak_log":1,"minecraft:diamond":4,"minecraft:stone_axe":4,"minecraft:tide_armor_trim_smithing_template":2,"minecraft:granite":24,"minecraft:oak_sapling":1,"minecraft:coal":66},"minecraft:custom":{"minecraft:mob_kills":21,"minecraft:interact_with_crafting_table":17,"minecraft:time_since_death":7554,"minecraft:climb_one_cm":540,"minecraft:sprint_one_cm":166869,"minecraft:walk_one_cm":105545,"minecraft:drop":28,"minecraft:talked_to_villager":6,"minecraft:play_time":83886,"minecraft:sneak_time":8408,"minecraft:deaths":8,"minecraft:walk_under_water_one_cm":9751,"minecraft:boat_one_cm":329345,"minecraft:jump":1224,"minecraft:walk_on_water_one_cm":12889,"minecraft:total_world_time":83886,"minecraft:interact_with_furnace":18,"minecraft:time_since_rest":7582,"minecraft:damage_taken":2293,"minecraft:damage_dealt":3743,"minecraft:swim_one_cm":32711,"minecraft:fly_one_cm":191557,"minecraft:player_kills":2,"minecraft:open_chest":6,"minecraft:crouch_one_cm":20887,"minecraft:fall_one_cm":40306},"minecraft:broken":{"minecraft:stone_pickaxe":1},"minecraft:mined":{"minecraft:tuff":8,"minecraft:dark_oak_leaves":7,"minecraft:dark_oak_log":1,"minecraft:granite":12,"minecraft:grass_block":4,"minecraft:decorated_pot":4,"minecraft:rooted_dirt":2,"minecraft:hay_block":7,"minecraft:iron_ore":16,"minecraft:andesite":1,"minecraft:bell":1,"minecraft:deepslate_iron_ore":7,"minecraft:bamboo":6,"minecraft:stone":76,"minecraft:deepslate_redstone_ore":8,"minecraft:red_bed":3,"minecraft:smoker":1,"minecraft:crafting_table":3,"minecraft:torch":6,"minecraft:short_grass":4,"minecraft:lapis_ore":2,"minecraft:deepslate_gold_ore":6,"minecraft:sugar_cane":4,"minecraft:diorite":9,"minecraft:wall_torch":10,"minecraft:birch_log":6,"minecraft:birch_leaves":2,"minecraft:yellow_bed":3,"minecraft:coal_ore":67,"minecraft:oak_log":18,"minecraft:sand":4,"minecraft:dirt":11,"minecraft:gold_ore":1,"minecraft:oak_leaves":12,"minecraft:deepslate":52},"minecraft:killed":{"minecraft:witch":1,"minecraft:skeleton":1,"minecraft:salmon":4,"minecraft:creeper":2,"minecraft:sheep":5,"minecraft:zombie":6},"minecraft:used":{"minecraft:beetroot":2,"minecraft:stone_sword":11,"minecraft:rotten_flesh":4,"minecraft:torch":95,"minecraft:dirt":3,"minecraft:mutton":4,"minecraft:tuff":7,"minecraft:granite":16,"minecraft:dark_oak_planks":2,"minecraft:furnace":3,"minecraft:stone_pickaxe":164,"minecraft:oak_planks":6,"minecraft:birch_boat":1,"minecraft:wooden_pickaxe":31,"minecraft:sand":1,"minecraft:crafting_table":9,"minecraft:red_bed":1,"minecraft:apple":2,"minecraft:iron_pickaxe":107,"minecraft:stone_axe":60,"minecraft:potion":1,"minecraft:cobblestone":6,"minecraft:andesite":3,"minecraft:oak_boat":1},"minecraft:dropped":{"minecraft:enchanted_book":3,"minecraft:wheat_seeds":1,"minecraft:glass_bottle":1,"minecraft:diamond":4,"minecraft:granite":1,"minecraft:cracked_stone_bricks":1,"minecraft:flint":1,"minecraft:dirt":7,"minecraft:diorite":9,"minecraft:torch":8,"minecraft:cobbled_deepslate":43,"minecraft:raw_copper":27,"minecraft:birch_sapling":1,"minecraft:honey_bottle":1,"minecraft:mossy_stone_bricks":1,"minecraft:oak_sapling":1,"minecraft:iron_bars":1,"minecraft:brick":16},"minecraft:killed_by":{"minecraft:player":1,"minecraft:polar_bear":1,"minecraft:spider":1,"minecraft:skeleton":1,"minecraft:zombie":3}},"DataVersion":3953}