{"stats":{"minecraft:crafted":{"minecraft:oak_boat":1,"minecraft:oak_planks":48,"minecraft:charcoal":3,"minecraft:crafting_table":4,"minecraft:stick":8,"minecraft:stone_pickaxe":1,"minecraft:wooden_pickaxe":1,"minecraft:birch_boat":1,"minecraft:dark_oak_planks":4,"minecraft:torch":12,"minecraft:birch_planks":24,"minecraft:stone_axe":1,"minecraft:air":0},"minecraft:picked_up":{"minecraft:birch_log":6,"minecraft:torch":9,"minecraft:sand":1,"minecraft:oak_log":17,"minecraft:diorite":9,"minecraft:dark_oak_log":1,"minecraft:dirt":13,"minecraft:bone":4,"minecraft:arrow":1,"minecraft:rotten_flesh":6,"minecraft:granite":6,"minecraft:oak_sapling":1,"minecraft:birch_sapling":1,"minecraft:sugar_cane":9,"minecraft:coal":26,"minecraft:cobblestone":48},"minecraft:custom":{"minecraft:time_since_rest":20092,"minecraft:interact_with_furnace":2,"minecraft:sprint_one_cm":42917,"minecraft:damage_taken":664,"minecraft:walk_one_cm":29679,"minecraft:mob_kills":5,"minecraft:drop":10,"minecraft:damage_dealt":623,"minecraft:interact_with_crafting_table":9,"minecraft:swim_one_cm":9079,"minecraft:fly_one_cm":53735,"minecraft:open_chest":2,"minecraft:crouch_one_cm":7557,"minecraft:play_time":41886,"minecraft:deaths":2,"minecraft:sneak_time":3511,"minecraft:walk_under_water_one_cm":449,"minecraft:boat_one_cm":329345,"minecraft:jump":371,"minecraft:walk_on_water_one_cm":3620,"minecraft:time_since_death":20055,"minecraft:total_world_time":41886,"minecraft:fall_one_cm":10245},"minecraft:mined":{"minecraft:dark_oak_leaves":7,"minecraft:birch_log":6,"minecraft:dark_oak_log":1,"minecraft:birch_leaves":2,"minecraft:torch":1,"minecraft:granite":6,"minecraft:short_grass":2,"minecraft:coal_ore":26,"minecraft:grass_block":4,"minecraft:oak_log":18,"minecraft:sand":4,"minecraft:dirt":10,"minecraft:stone":49,"minecraft:wall_torch":1,"minecraft:sugar_cane":4,"minecraft:diorite":9,"minecraft:oak_leaves":12,"minecraft:rooted_dirt":2},"minecraft:used":{"minecraft:dark_oak_planks":2,"minecraft:stone_pickaxe":86,"minecraft:oak_planks":6,"minecraft:birch_boat":1,"minecraft:wooden_pickaxe":31,"minecraft:rotten_flesh":1,"minecraft:stone_axe":14,"minecraft:torch":6,"minecraft:dirt":3,"minecraft:sand":1,"minecraft:crafting_table":3,"minecraft:oak_boat":1},"minecraft:killed":{"minecraft:skeleton":1,"minecraft:zombie":2},"minecraft:dropped":{"minecraft:torch":8,"minecraft:birch_sapling":1,"minecraft:oak_sapling":1},"minecraft:killed_by":{"minecraft:zombie":2}},"DataVersion":3953}