{"stats":{"minecraft:used":{"croptopia:lemon":4,"minecraft:stone_pickaxe":14,"minecraft:redstone":1,"minecraft:wooden_pickaxe":19,"minecraft:white_wool":2,"minecraft:dirt":7,"minecraft:crafting_table":8,"minecraft:redstone_torch":2,"minecraft:spruce_boat":1,"minecraft:dark_oak_planks":3,"minecraft:wooden_axe":47,"minecraft:dark_oak_log":2,"minecraft:melon_slice":26,"minecraft:iron_boots":1,"minecraft:stone_axe":6,"minecraft:redstone_lamp":2,"minecraft:dark_oak_boat":2,"minecraft:oak_boat":2},"minecraft:mined":{"minecraft:glass_pane":1,"minecraft:dark_oak_leaves":3,"minecraft:dark_oak_log":15,"minecraft:crafting_table":2,"biomesoplenty:bush":6,"minecraft:grass_block":2,"minecraft:melon":15,"minecraft:jungle_log":3,"minecraft:redstone_wire":1,"minecraft:tall_grass":3,"minecraft:spruce_leaves":11,"minecraft:kelp":2,"minecraft:fire":6,"minecraft:spruce_log":10,"minecraft:peony":1,"minecraft:grass":10,"minecraft:coal_ore":20,"minecraft:oak_log":14,"minecraft:vine":2,"minecraft:dirt":6,"minecraft:stone":13,"minecraft:white_wool":2,"minecraft:oak_leaves":8,"minecraft:spruce_slab":1,"minecraft:redstone_wall_torch":2,"minecraft:fern":5},"minecraft:crafted":{"minecraft:oak_planks":44,"minecraft:dark_oak_boat":1,"minecraft:crafting_table":9,"minecraft:spruce_planks":40,"minecraft:wooden_pickaxe":1,"minecraft:stone_axe":1,"minecraft:jungle_planks":12,"minecraft:oak_boat":2,"minecraft:stone_pickaxe":1,"minecraft:stick":24,"minecraft:wooden_axe":4,"minecraft:spruce_boat":1,"minecraft:dark_oak_planks":48},"minecraft:killed":{"spore:inf_wanderer":1,"spore:braiomil":2,"minecraft:sheep":5,"minecraft:trader_llama":2,"spore:inf_human":3,"spore:inf_witch":1},"minecraft:dropped":{"minecraft:kelp":2,"minecraft:crafting_table":1,"minecraft:dark_oak_sapling":1,"spore:mutated_fiber":3,"minecraft:wooden_axe":1,"minecraft:oak_sapling":3},"minecraft:custom":{"minecraft:mob_kills":14,"minecraft:interact_with_crafting_table":10,"minecraft:leave_game":2,"minecraft:time_since_death":0,"minecraft:climb_one_cm":14131,"minecraft:time_since_rest":215,"minecraft:sprint_one_cm":214596,"minecraft:damage_taken":11873,"minecraft:walk_one_cm":134190,"minecraft:drop":9,"minecraft:damage_dealt":3051,"minecraft:talked_to_villager":1,"minecraft:player_kills":1,"minecraft:swim_one_cm":165334,"minecraft:fly_one_cm":418495,"minecraft:open_chest":6,"minecraft:crouch_one_cm":20891,"minecraft:play_time":125424,"minecraft:deaths":41,"minecraft:sneak_time":6727,"minecraft:walk_under_water_one_cm":26997,"minecraft:boat_one_cm":388439,"minecraft:jump":1775,"minecraft:walk_on_water_one_cm":26523,"minecraft:total_world_time":125424,"minecraft:fall_one_cm":64606},"minecraft:picked_up":{"minecraft:wooden_axe":1,"minecraft:crafting_table":2,"minecraft:leather":2,"minecraft:iron_door":1,"minecraft:jungle_log":3,"minecraft:lead":2,"minecraft:dark_oak_boat":1,"minecraft:oak_log":13,"minecraft:dirt":24,"minecraft:bone":4,"minecraft:kelp":2,"minecraft:redstone_torch":2,"spore:mutated_fiber":12,"minecraft:glowstone_dust":1,"minecraft:melon_slice":77,"minecraft:dark_oak_sapling":4,"minecraft:stick":4,"spore:cerebrum":1,"spore:armor_fragment":1,"minecraft:spruce_sapling":4,"minecraft:spruce_log":12,"minecraft:redstone":1,"minecraft:dark_oak_log":15,"minecraft:dark_oak_planks":2,"croptopia:cherry":9,"croptopia:lemon":4,"minecraft:arrow":6,"minecraft:peony":1,"minecraft:gray_wool":1,"croptopia:pecan":4,"minecraft:oak_sapling":10,"spore:alveolic_sack":2,"minecraft:mutton":10,"minecraft:coal":20,"minecraft:white_wool":7,"minecraft:cobblestone":13},"minecraft:killed_by":{"cataclysm:deepling":1,"spore:inf_player":11,"spore:slasher":6,"monsterplus:overgrown_skeleton":1,"spore:busser":3,"spore:braiomil":1,"minecraft:skeleton":2,"minecraft:creeper":1,"minecraft:spider":1,"minecraft:zombie":1,"spore:inf_human":1,"spore:griefer":1,"spore:inf_evoker":2,"spore:inf_pillager":1,"spore:spitter":1}},"DataVersion":3465}