{"stats":{"minecraft:crafted":{"minecraft:cherry_planks":76,"minecraft:oak_planks":48,"minecraft:birch_boat":1,"minecraft:cooked_chicken":2,"minecraft:furnace":4,"minecraft:cooked_mutton":2,"minecraft:iron_axe":1,"minecraft:stone_pickaxe":2,"minecraft:dark_oak_planks":4,"minecraft:crafting_table":7,"minecraft:spruce_planks":8,"minecraft:wooden_pickaxe":1,"minecraft:baked_potato":10,"minecraft:bucket":1,"minecraft:birch_planks":44,"minecraft:stone_axe":1,"minecraft:air":0,"minecraft:oak_boat":1,"minecraft:iron_chestplate":1,"minecraft:charcoal":3,"minecraft:shield":2,"minecraft:stick":22,"minecraft:iron_ingot":30,"minecraft:iron_pickaxe":2,"minecraft:iron_leggings":1,"minecraft:torch":112},"minecraft:picked_up":{"minecraft:wooden_axe":2,"minecraft:charcoal":2,"minecraft:iron_chestplate":1,"minecraft:crafting_table":12,"minecraft:azure_bluet":18,"minecraft:chicken":2,"minecraft:diamond_sword":3,"minecraft:enchanted_book":3,"minecraft:potion":1,"minecraft:shield":3,"minecraft:brick":16,"minecraft:iron_axe":2,"minecraft:string":12,"minecraft:red_bed":10,"minecraft:raw_copper":27,"minecraft:beetroot":4,"minecraft:cracked_stone_bricks":1,"minecraft:cobbled_deepslate":105,"minecraft:spruce_planks":4,"minecraft:trial_key":2,"minecraft:light_gray_wool":2,"minecraft:iron_pickaxe":5,"minecraft:sugar_cane":9,"minecraft:birch_sapling":2,"minecraft:egg":3,"minecraft:furnace":3,"minecraft:blue_wool":2,"minecraft:raw_iron":60,"minecraft:stick":146,"minecraft:torch":97,"minecraft:cherry_log":57,"minecraft:pointed_dripstone":1,"minecraft:diorite":27,"minecraft:carrot":5,"minecraft:redstone":42,"minecraft:dark_oak_planks":4,"minecraft:rotten_flesh":37,"minecraft:stone_sword":3,"minecraft:arrow":57,"minecraft:honey_bottle":1,"minecraft:stone_shovel":2,"minecraft:decorated_pot":9,"minecraft:hay_block":32,"minecraft:saddle":3,"minecraft:gold_ingot":3,"minecraft:mutton":21,"minecraft:iron_bars":1,"minecraft:white_wool":16,"minecraft:cobblestone":365,"minecraft:birch_log":11,"minecraft:leather_chestplate":3,"minecraft:feather":15,"minecraft:iron_door":2,"minecraft:andesite":3,"minecraft:salmon":3,"minecraft:leather":2,"minecraft:smoker":4,"minecraft:potato":28,"minecraft:filled_map":3,"minecraft:birch_planks":16,"minecraft:flint":4,"minecraft:tuff":9,"minecraft:oak_log":53,"minecraft:yellow_bed":8,"minecraft:gunpowder":11,"minecraft:lapis_lazuli":52,"minecraft:dirt":50,"minecraft:name_tag":2,"minecraft:leather_boots":3,"minecraft:coast_armor_trim_smithing_template":1,"minecraft:bone":21,"minecraft:apple":2,"minecraft:bow":3,"minecraft:wheat_seeds":11,"minecraft:raw_gold":30,"minecraft:bell":2,"minecraft:stone_pickaxe":3,"minecraft:iron_ingot":9,"minecraft:mossy_stone_bricks":1,"minecraft:bamboo":152,"minecraft:oak_planks":2,"minecraft:book":48,"minecraft:sweet_berries":47,"minecraft:dripstone_block":9,"minecraft:sand":1,"minecraft:spruce_log":14,"minecraft:white_bed":5,"minecraft:spider_eye":3,"minecraft:dark_oak_log":1,"minecraft:leather_helmet":3,"minecraft:diamond":5,"minecraft:stone_axe":5,"minecraft:tide_armor_trim_smithing_template":2,"minecraft:granite":24,"minecraft:chainmail_helmet":1,"minecraft:emerald":5,"minecraft:baked_potato":12,"minecraft:oak_sapling":1,"minecraft:dark_oak_fence":10,"minecraft:coal":161,"minecraft:diamond_pickaxe":3},"minecraft:custom":{"minecraft:mob_kills":39,"minecraft:interact_with_crafting_table":28,"minecraft:eat_cake_slice":1,"minecraft:time_since_death":4834,"minecraft:climb_one_cm":964,"minecraft:sprint_one_cm":289512,"minecraft:walk_one_cm":192612,"minecraft:damage_blocked_by_shield":289,"minecraft:drop":78,"minecraft:talked_to_villager":6,"minecraft:play_time":119886,"minecraft:sneak_time":10758,"minecraft:deaths":16,"minecraft:walk_under_water_one_cm":28139,"minecraft:boat_one_cm":329345,"minecraft:jump":1981,"minecraft:walk_on_water_one_cm":13854,"minecraft:total_world_time":119886,"minecraft:interact_with_furnace":40,"minecraft:sleep_in_bed":6,"minecraft:time_since_rest":4863,"minecraft:damage_taken":4630,"minecraft:damage_dealt":6874,"minecraft:swim_one_cm":33249,"minecraft:fly_one_cm":305624,"minecraft:player_kills":2,"minecraft:open_chest":11,"minecraft:crouch_one_cm":27639,"minecraft:interact_with_smoker":8,"minecraft:fall_one_cm":63231,"minecraft:horse_one_cm":2720},"minecraft:broken":{"minecraft:stone_pickaxe":1},"minecraft:mined":{"minecraft:tuff":8,"minecraft:white_bed":4,"minecraft:dark_oak_leaves":7,"minecraft:dark_oak_log":1,"minecraft:granite":12,"minecraft:grass_block":4,"minecraft:decorated_pot":5,"minecraft:spruce_leaves":8,"minecraft:rooted_dirt":2,"minecraft:hay_block":11,"minecraft:furnace":2,"minecraft:carrots":1,"minecraft:iron_ore":30,"minecraft:andesite":1,"minecraft:bell":1,"minecraft:deepslate_iron_ore":7,"minecraft:packed_ice":3,"minecraft:oxidized_copper_bulb":1,"minecraft:bamboo":6,"minecraft:stone":99,"minecraft:tripwire":2,"minecraft:deepslate_redstone_ore":8,"minecraft:red_bed":5,"minecraft:smoker":3,"minecraft:powder_snow":3,"minecraft:crafting_table":7,"minecraft:torch":11,"minecraft:short_grass":11,"minecraft:cobblestone":2,"minecraft:lapis_ore":2,"minecraft:deepslate_gold_ore":6,"minecraft:sugar_cane":4,"minecraft:diorite":9,"minecraft:iron_door":2,"minecraft:wall_torch":12,"minecraft:birch_log":11,"minecraft:sweet_berry_bush":5,"minecraft:ice":2,"minecraft:spruce_log":8,"minecraft:birch_leaves":3,"minecraft:yellow_bed":4,"minecraft:coal_ore":90,"minecraft:oak_log":22,"minecraft:dripstone_block":1,"minecraft:sand":4,"minecraft:dirt":11,"minecraft:gold_ore":1,"minecraft:oak_leaves":18,"minecraft:deepslate":52,"minecraft:fern":1},"minecraft:killed":{"minecraft:witch":1,"minecraft:skeleton":7,"minecraft:chicken":1,"minecraft:salmon":4,"minecraft:creeper":2,"minecraft:sheep":8,"minecraft:goat":3,"minecraft:zombie":11},"minecraft:used":{"minecraft:beetroot":2,"minecraft:stone_sword":29,"minecraft:decorated_pot":1,"minecraft:shield":7,"minecraft:cooked_chicken":1,"minecraft:rotten_flesh":4,"minecraft:iron_chestplate":1,"minecraft:torch":111,"minecraft:dirt":3,"minecraft:mutton":4,"minecraft:carrot":1,"minecraft:tuff":7,"minecraft:granite":16,"minecraft:wooden_axe":10,"minecraft:dark_oak_planks":2,"minecraft:iron_axe":41,"minecraft:hay_block":1,"minecraft:sweet_berries":16,"minecraft:furnace":6,"minecraft:egg":3,"minecraft:iron_leggings":1,"minecraft:cooked_mutton":2,"minecraft:water_bucket":1,"minecraft:baked_potato":2,"minecraft:stone_pickaxe":228,"minecraft:oak_planks":6,"minecraft:birch_boat":1,"minecraft:wooden_pickaxe":31,"minecraft:salmon":1,"minecraft:sand":1,"minecraft:crafting_table":13,"minecraft:red_bed":4,"minecraft:white_bed":3,"minecraft:cod":2,"minecraft:smoker":2,"minecraft:oak_log":5,"minecraft:diamond_pickaxe":4,"minecraft:apple":2,"minecraft:iron_pickaxe":113,"minecraft:leather_helmet":1,"minecraft:stone_axe":61,"minecraft:diamond_sword":13,"minecraft:potion":1,"minecraft:cobblestone":9,"minecraft:bucket":2,"minecraft:andesite":3,"minecraft:oak_boat":1},"minecraft:dropped":{"minecraft:enchanted_book":3,"minecraft:birch_planks":1,"minecraft:wheat_seeds":9,"minecraft:oak_log":8,"minecraft:baked_potato":3,"minecraft:glass_bottle":1,"minecraft:diamond":5,"minecraft:crafting_table":1,"minecraft:dripstone_block":3,"minecraft:decorated_pot":1,"minecraft:feather":9,"minecraft:cobblestone":12,"minecraft:book":12,"minecraft:leather":2,"minecraft:granite":2,"minecraft:cracked_stone_bricks":1,"minecraft:leather_helmet":1,"minecraft:emerald":1,"minecraft:stick":5,"minecraft:flint":3,"minecraft:dirt":37,"minecraft:diorite":18,"minecraft:torch":8,"minecraft:iron_pickaxe":1,"minecraft:dark_oak_planks":1,"minecraft:string":5,"minecraft:stone_sword":1,"minecraft:cobbled_deepslate":43,"minecraft:raw_copper":27,"minecraft:birch_sapling":2,"minecraft:pointed_dripstone":1,"minecraft:rotten_flesh":16,"minecraft:oak_planks":1,"minecraft:azure_bluet":8,"minecraft:honey_bottle":1,"minecraft:diamond_sword":1,"minecraft:leather_chestplate":1,"minecraft:shield":1,"minecraft:mossy_stone_bricks":1,"minecraft:leather_boots":1,"minecraft:oak_sapling":1,"minecraft:spider_eye":1,"minecraft:bow":1,"minecraft:stone_pickaxe":1,"minecraft:iron_bars":1,"minecraft:arrow":3,"minecraft:brick":16},"minecraft:killed_by":{"minecraft:player":4,"minecraft:polar_bear":1,"minecraft:spider":1,"minecraft:skeleton":2,"minecraft:zombie":5}},"DataVersion":3953}