{"stats":{"minecraft:crafted":{"minecraft:oak_planks":48,"minecraft:crafting_table":4,"minecraft:wooden_pickaxe":1,"minecraft:birch_boat":1,"minecraft:furnace":1,"minecraft:birch_planks":24,"minecraft:stone_axe":1,"minecraft:air":0,"minecraft:oak_boat":1,"minecraft:charcoal":3,"minecraft:stick":15,"minecraft:iron_ingot":4,"minecraft:iron_pickaxe":1,"minecraft:stone_pickaxe":1,"minecraft:torch":44,"minecraft:dark_oak_planks":4},"minecraft:picked_up":{"minecraft:birch_log":6,"minecraft:crafting_table":3,"minecraft:salmon":3,"minecraft:andesite":3,"minecraft:potion":1,"minecraft:enchanted_book":3,"minecraft:oak_log":17,"minecraft:brick":16,"minecraft:gunpowder":2,"minecraft:lapis_lazuli":26,"minecraft:dirt":20,"minecraft:bone":7,"minecraft:cracked_stone_bricks":1,"minecraft:cobbled_deepslate":8,"minecraft:raw_gold":6,"minecraft:iron_ingot":4,"minecraft:mossy_stone_bricks":1,"minecraft:bamboo":120,"minecraft:sugar_cane":9,"minecraft:birch_sapling":1,"minecraft:raw_iron":6,"minecraft:torch":30,"minecraft:sand":1,"minecraft:diorite":18,"minecraft:redstone":16,"minecraft:dark_oak_log":1,"minecraft:stone_shovel":1,"minecraft:arrow":2,"minecraft:rotten_flesh":6,"minecraft:stone_axe":2,"minecraft:granite":22,"minecraft:oak_sapling":1,"minecraft:iron_bars":1,"minecraft:mutton":11,"minecraft:coal":51,"minecraft:white_wool":8,"minecraft:cobblestone":182},"minecraft:custom":{"minecraft:interact_with_furnace":9,"minecraft:mob_kills":14,"minecraft:interact_with_crafting_table":11,"minecraft:time_since_death":3660,"minecraft:climb_one_cm":60,"minecraft:time_since_rest":3695,"minecraft:sprint_one_cm":75509,"minecraft:damage_taken":969,"minecraft:walk_one_cm":48853,"minecraft:drop":14,"minecraft:damage_dealt":1367,"minecraft:swim_one_cm":13794,"minecraft:fly_one_cm":81205,"minecraft:open_chest":2,"minecraft:crouch_one_cm":12514,"minecraft:play_time":53886,"minecraft:deaths":3,"minecraft:sneak_time":5308,"minecraft:walk_under_water_one_cm":4607,"minecraft:boat_one_cm":329345,"minecraft:jump":537,"minecraft:walk_on_water_one_cm":4094,"minecraft:total_world_time":53886,"minecraft:fall_one_cm":18114},"minecraft:mined":{"minecraft:dark_oak_leaves":7,"minecraft:dark_oak_log":1,"minecraft:crafting_table":2,"minecraft:torch":2,"minecraft:granite":12,"minecraft:short_grass":2,"minecraft:grass_block":4,"minecraft:deepslate_gold_ore":6,"minecraft:lapis_ore":2,"minecraft:sugar_cane":4,"minecraft:diorite":9,"minecraft:rooted_dirt":2,"minecraft:wall_torch":3,"minecraft:birch_log":6,"minecraft:iron_ore":4,"minecraft:birch_leaves":2,"minecraft:andesite":1,"minecraft:oak_log":18,"minecraft:coal_ore":51,"minecraft:deepslate_iron_ore":2,"minecraft:dirt":11,"minecraft:sand":4,"minecraft:bamboo":6,"minecraft:stone":69,"minecraft:oak_leaves":12,"minecraft:deepslate":8},"minecraft:broken":{"minecraft:stone_pickaxe":1},"minecraft:killed":{"minecraft:witch":1,"minecraft:salmon":4,"minecraft:sheep":4,"minecraft:skeleton":1,"minecraft:zombie":2},"minecraft:used":{"minecraft:stone_pickaxe":132,"minecraft:oak_planks":6,"minecraft:wooden_pickaxe":31,"minecraft:birch_boat":1,"minecraft:rotten_flesh":4,"minecraft:torch":38,"minecraft:dirt":3,"minecraft:sand":1,"minecraft:mutton":1,"minecraft:crafting_table":5,"minecraft:granite":16,"minecraft:dark_oak_planks":2,"minecraft:iron_pickaxe":29,"minecraft:stone_axe":33,"minecraft:cobblestone":1,"minecraft:potion":1,"minecraft:furnace":1,"minecraft:andesite":3,"minecraft:oak_boat":1},"minecraft:dropped":{"minecraft:enchanted_book":3,"minecraft:glass_bottle":1,"minecraft:birch_sapling":1,"minecraft:torch":8,"minecraft:oak_sapling":1},"minecraft:killed_by":{"minecraft:zombie":2}},"DataVersion":3953}