{"stats":{"minecraft:crafted":{"minecraft:oak_planks":48,"minecraft:birch_boat":1,"minecraft:cooked_chicken":2,"minecraft:furnace":4,"minecraft:cooked_mutton":2,"minecraft:iron_axe":1,"minecraft:stone_pickaxe":2,"minecraft:dark_oak_planks":4,"minecraft:crafting_table":6,"minecraft:wooden_pickaxe":1,"minecraft:baked_potato":10,"minecraft:bucket":1,"minecraft:birch_planks":44,"minecraft:stone_axe":1,"minecraft:air":0,"minecraft:oak_boat":1,"minecraft:iron_chestplate":1,"minecraft:charcoal":3,"minecraft:shield":2,"minecraft:stick":22,"minecraft:iron_ingot":30,"minecraft:iron_pickaxe":2,"minecraft:iron_leggings":1,"minecraft:torch":112},"minecraft:picked_up":{"minecraft:wooden_axe":2,"minecraft:charcoal":2,"minecraft:iron_chestplate":1,"minecraft:crafting_table":9,"minecraft:azure_bluet":3,"minecraft:chicken":2,"minecraft:enchanted_book":3,"minecraft:potion":1,"minecraft:shield":1,"minecraft:brick":16,"minecraft:iron_axe":2,"minecraft:string":2,"minecraft:red_bed":8,"minecraft:raw_copper":27,"minecraft:beetroot":4,"minecraft:cracked_stone_bricks":1,"minecraft:cobbled_deepslate":105,"minecraft:light_gray_wool":2,"minecraft:iron_pickaxe":5,"minecraft:sugar_cane":9,"minecraft:birch_sapling":1,"minecraft:egg":2,"minecraft:furnace":3,"minecraft:blue_wool":2,"minecraft:raw_iron":60,"minecraft:stick":131,"minecraft:torch":97,"minecraft:pointed_dripstone":1,"minecraft:diorite":27,"minecraft:carrot":1,"minecraft:redstone":42,"minecraft:rotten_flesh":13,"minecraft:stone_sword":3,"minecraft:arrow":10,"minecraft:honey_bottle":1,"minecraft:stone_shovel":2,"minecraft:decorated_pot":6,"minecraft:hay_block":22,"minecraft:gold_ingot":3,"minecraft:mutton":21,"minecraft:iron_bars":1,"minecraft:white_wool":16,"minecraft:cobblestone":329,"minecraft:birch_log":11,"minecraft:feather":1,"minecraft:andesite":3,"minecraft:salmon":3,"minecraft:smoker":4,"minecraft:potato":28,"minecraft:filled_map":3,"minecraft:birch_planks":16,"minecraft:flint":1,"minecraft:tuff":9,"minecraft:oak_log":23,"minecraft:yellow_bed":8,"minecraft:gunpowder":5,"minecraft:lapis_lazuli":52,"minecraft:dirt":20,"minecraft:name_tag":2,"minecraft:coast_armor_trim_smithing_template":1,"minecraft:bone":19,"minecraft:apple":2,"minecraft:wheat_seeds":3,"minecraft:raw_gold":30,"minecraft:bell":2,"minecraft:stone_pickaxe":1,"minecraft:iron_ingot":9,"minecraft:mossy_stone_bricks":1,"minecraft:bamboo":152,"minecraft:book":12,"minecraft:dripstone_block":9,"minecraft:sand":1,"minecraft:spruce_log":12,"minecraft:white_bed":5,"minecraft:dark_oak_log":1,"minecraft:diamond":4,"minecraft:stone_axe":5,"minecraft:tide_armor_trim_smithing_template":2,"minecraft:granite":24,"minecraft:emerald":2,"minecraft:baked_potato":8,"minecraft:oak_sapling":1,"minecraft:coal":161},"minecraft:custom":{"minecraft:mob_kills":39,"minecraft:interact_with_crafting_table":27,"minecraft:time_since_death":522,"minecraft:climb_one_cm":964,"minecraft:sprint_one_cm":237717,"minecraft:walk_one_cm":156359,"minecraft:damage_blocked_by_shield":289,"minecraft:drop":45,"minecraft:talked_to_villager":6,"minecraft:play_time":107886,"minecraft:sneak_time":10425,"minecraft:deaths":11,"minecraft:walk_under_water_one_cm":9794,"minecraft:boat_one_cm":329345,"minecraft:jump":1709,"minecraft:walk_on_water_one_cm":13782,"minecraft:total_world_time":107886,"minecraft:interact_with_furnace":39,"minecraft:sleep_in_bed":6,"minecraft:time_since_rest":548,"minecraft:damage_taken":3319,"minecraft:damage_dealt":6362,"minecraft:swim_one_cm":32711,"minecraft:fly_one_cm":265929,"minecraft:player_kills":2,"minecraft:open_chest":10,"minecraft:crouch_one_cm":26472,"minecraft:interact_with_smoker":8,"minecraft:fall_one_cm":60001,"minecraft:horse_one_cm":2720},"minecraft:broken":{"minecraft:stone_pickaxe":1},"minecraft:mined":{"minecraft:tuff":8,"minecraft:white_bed":4,"minecraft:dark_oak_leaves":7,"minecraft:dark_oak_log":1,"minecraft:granite":12,"minecraft:grass_block":4,"minecraft:decorated_pot":4,"minecraft:spruce_leaves":8,"minecraft:rooted_dirt":2,"minecraft:hay_block":10,"minecraft:furnace":2,"minecraft:carrots":1,"minecraft:iron_ore":30,"minecraft:andesite":1,"minecraft:bell":1,"minecraft:deepslate_iron_ore":7,"minecraft:packed_ice":3,"minecraft:bamboo":6,"minecraft:stone":99,"minecraft:deepslate_redstone_ore":8,"minecraft:red_bed":5,"minecraft:smoker":3,"minecraft:powder_snow":3,"minecraft:crafting_table":7,"minecraft:torch":11,"minecraft:short_grass":6,"minecraft:cobblestone":2,"minecraft:lapis_ore":2,"minecraft:deepslate_gold_ore":6,"minecraft:sugar_cane":4,"minecraft:diorite":9,"minecraft:wall_torch":12,"minecraft:birch_log":11,"minecraft:ice":2,"minecraft:spruce_log":6,"minecraft:birch_leaves":2,"minecraft:yellow_bed":4,"minecraft:coal_ore":90,"minecraft:oak_log":21,"minecraft:dripstone_block":1,"minecraft:sand":4,"minecraft:dirt":11,"minecraft:gold_ore":1,"minecraft:oak_leaves":12,"minecraft:deepslate":52},"minecraft:killed":{"minecraft:witch":1,"minecraft:skeleton":7,"minecraft:chicken":1,"minecraft:salmon":4,"minecraft:creeper":2,"minecraft:sheep":8,"minecraft:goat":3,"minecraft:zombie":11},"minecraft:used":{"minecraft:beetroot":2,"minecraft:stone_sword":29,"minecraft:shield":7,"minecraft:cooked_chicken":1,"minecraft:rotten_flesh":4,"minecraft:iron_chestplate":1,"minecraft:torch":111,"minecraft:dirt":3,"minecraft:mutton":4,"minecraft:carrot":1,"minecraft:tuff":7,"minecraft:granite":16,"minecraft:wooden_axe":8,"minecraft:dark_oak_planks":2,"minecraft:iron_axe":41,"minecraft:furnace":6,"minecraft:egg":2,"minecraft:iron_leggings":1,"minecraft:cooked_mutton":2,"minecraft:water_bucket":1,"minecraft:baked_potato":1,"minecraft:stone_pickaxe":228,"minecraft:oak_planks":6,"minecraft:birch_boat":1,"minecraft:wooden_pickaxe":31,"minecraft:salmon":1,"minecraft:sand":1,"minecraft:crafting_table":12,"minecraft:red_bed":3,"minecraft:white_bed":2,"minecraft:cod":2,"minecraft:smoker":2,"minecraft:apple":2,"minecraft:iron_pickaxe":113,"minecraft:stone_axe":61,"minecraft:potion":1,"minecraft:cobblestone":9,"minecraft:bucket":2,"minecraft:andesite":3,"minecraft:oak_boat":1},"minecraft:dropped":{"minecraft:enchanted_book":3,"minecraft:birch_planks":1,"minecraft:wheat_seeds":2,"minecraft:baked_potato":3,"minecraft:glass_bottle":1,"minecraft:diamond":4,"minecraft:dripstone_block":3,"minecraft:feather":1,"minecraft:granite":2,"minecraft:cracked_stone_bricks":1,"minecraft:flint":1,"minecraft:dirt":7,"minecraft:diorite":18,"minecraft:torch":8,"minecraft:iron_pickaxe":1,"minecraft:string":1,"minecraft:stone_sword":1,"minecraft:cobbled_deepslate":43,"minecraft:raw_copper":27,"minecraft:birch_sapling":1,"minecraft:pointed_dripstone":1,"minecraft:azure_bluet":3,"minecraft:honey_bottle":1,"minecraft:shield":1,"minecraft:mossy_stone_bricks":1,"minecraft:oak_sapling":1,"minecraft:stone_pickaxe":1,"minecraft:iron_bars":1,"minecraft:arrow":3,"minecraft:brick":16},"minecraft:killed_by":{"minecraft:player":1,"minecraft:polar_bear":1,"minecraft:spider":1,"minecraft:skeleton":1,"minecraft:zombie":4}},"DataVersion":3953}