{"stats":{"minecraft:used":{"minecraft:redstone_torch":2,"minecraft:wooden_axe":11,"croptopia:lemon":4,"minecraft:redstone":1,"minecraft:iron_boots":1,"minecraft:redstone_lamp":2,"minecraft:crafting_table":3},"minecraft:mined":{"minecraft:glass_pane":1,"minecraft:spruce_log":6,"minecraft:dark_oak_log":1,"minecraft:crafting_table":1,"minecraft:peony":1,"minecraft:grass":2,"biomesoplenty:bush":2,"minecraft:oak_log":4,"minecraft:redstone_wire":1,"minecraft:tall_grass":3,"minecraft:spruce_leaves":11,"minecraft:oak_leaves":6,"minecraft:spruce_slab":1,"minecraft:redstone_wall_torch":2},"minecraft:crafted":{"minecraft:oak_planks":12,"minecraft:crafting_table":3,"minecraft:spruce_planks":24,"minecraft:stick":12,"minecraft:wooden_axe":3},"minecraft:killed":{"spore:inf_witch":1},"minecraft:dropped":{"minecraft:oak_sapling":3,"spore:mutated_fiber":3},"minecraft:custom":{"minecraft:time_since_rest":340,"minecraft:sprint_one_cm":68185,"minecraft:damage_taken":6600,"minecraft:walk_one_cm":67493,"minecraft:mob_kills":1,"minecraft:drop":5,"minecraft:damage_dealt":486,"minecraft:interact_with_crafting_table":3,"minecraft:swim_one_cm":7618,"minecraft:fly_one_cm":139149,"minecraft:open_chest":6,"minecraft:crouch_one_cm":7497,"minecraft:play_time":42541,"minecraft:deaths":23,"minecraft:sneak_time":2215,"minecraft:walk_under_water_one_cm":2687,"minecraft:jump":487,"minecraft:leave_game":1,"minecraft:time_since_death":298,"minecraft:walk_on_water_one_cm":440,"minecraft:total_world_time":42541,"minecraft:climb_one_cm":13250,"minecraft:fall_one_cm":21551},"minecraft:picked_up":{"minecraft:stick":1,"minecraft:crafting_table":1,"minecraft:iron_door":1,"minecraft:oak_log":3,"minecraft:dark_oak_log":1,"minecraft:spruce_log":6,"minecraft:redstone":1,"minecraft:dirt":16,"croptopia:cherry":9,"minecraft:bone":4,"croptopia:lemon":4,"minecraft:arrow":6,"minecraft:redstone_torch":2,"spore:mutated_fiber":3,"minecraft:glowstone_dust":1,"minecraft:oak_sapling":9,"minecraft:mutton":2,"minecraft:white_wool":1},"minecraft:killed_by":{"spore:inf_player":6,"spore:slasher":5,"spore:busser":1,"spore:griefer":1,"spore:inf_evoker":2,"spore:braiomil":1,"spore:inf_pillager":1,"minecraft:creeper":1,"minecraft:zombie":1}},"DataVersion":3465}