{"stats":{"minecraft:picked_up":{"minecraft:oak_log":4,"minecraft:oak_sapling":1,"minecraft:sugar_cane":5},"minecraft:crafted":{"minecraft:oak_boat":1,"minecraft:oak_planks":16,"minecraft:crafting_table":1},"minecraft:custom":{"minecraft:time_since_rest":5886,"minecraft:crouch_one_cm":1367,"minecraft:play_time":5886,"minecraft:sprint_one_cm":7704,"minecraft:damage_taken":50,"minecraft:walk_one_cm":3148,"minecraft:sneak_time":382,"minecraft:boat_one_cm":80367,"minecraft:drop":1,"minecraft:jump":64,"minecraft:time_since_death":5886,"minecraft:walk_on_water_one_cm":197,"minecraft:total_world_time":5886,"minecraft:interact_with_crafting_table":1,"minecraft:fall_one_cm":3240,"minecraft:fly_one_cm":12503},"minecraft:mined":{"minecraft:oak_log":4,"minecraft:sugar_cane":2,"minecraft:oak_leaves":7},"minecraft:used":{"minecraft:crafting_table":1,"minecraft:oak_boat":1},"minecraft:dropped":{"minecraft:oak_sapling":1}},"DataVersion":3953}