{"stats":{"minecraft:crafted":{"minecraft:oak_boat":1,"minecraft:oak_planks":48,"minecraft:crafting_table":4,"minecraft:stick":8,"minecraft:wooden_pickaxe":1,"minecraft:birch_boat":1,"minecraft:dark_oak_planks":4,"minecraft:birch_planks":24},"minecraft:picked_up":{"minecraft:birch_log":6,"minecraft:torch":1,"minecraft:sand":1,"minecraft:oak_log":12,"minecraft:dark_oak_log":1,"minecraft:dirt":7,"minecraft:oak_sapling":1,"minecraft:birch_sapling":1,"minecraft:sugar_cane":9,"minecraft:cobblestone":4},"minecraft:custom":{"minecraft:time_since_rest":8092,"minecraft:sprint_one_cm":30115,"minecraft:damage_taken":484,"minecraft:walk_one_cm":15278,"minecraft:drop":2,"minecraft:damage_dealt":131,"minecraft:interact_with_crafting_table":7,"minecraft:swim_one_cm":8767,"minecraft:fly_one_cm":47584,"minecraft:crouch_one_cm":4538,"minecraft:play_time":29886,"minecraft:deaths":2,"minecraft:sneak_time":1748,"minecraft:walk_under_water_one_cm":164,"minecraft:boat_one_cm":212885,"minecraft:jump":285,"minecraft:walk_on_water_one_cm":1205,"minecraft:time_since_death":8055,"minecraft:total_world_time":29886,"minecraft:fall_one_cm":9976},"minecraft:mined":{"minecraft:dark_oak_leaves":7,"minecraft:birch_log":6,"minecraft:dark_oak_log":1,"minecraft:birch_leaves":2,"minecraft:torch":1,"minecraft:short_grass":1,"minecraft:grass_block":1,"minecraft:oak_log":12,"minecraft:sand":4,"minecraft:dirt":6,"minecraft:stone":5,"minecraft:sugar_cane":4,"minecraft:oak_leaves":12,"minecraft:rooted_dirt":2},"minecraft:used":{"minecraft:dark_oak_planks":2,"minecraft:oak_planks":6,"minecraft:birch_boat":1,"minecraft:wooden_pickaxe":31,"minecraft:dirt":3,"minecraft:sand":1,"minecraft:crafting_table":3,"minecraft:oak_boat":1},"minecraft:dropped":{"minecraft:birch_sapling":1,"minecraft:oak_sapling":1},"minecraft:killed_by":{"minecraft:zombie":2}},"DataVersion":3953}