{"stats":{"minecraft:used":{"minecraft:redstone_torch":2,"minecraft:redstone_lamp":2,"minecraft:redstone":1,"minecraft:iron_boots":1},"minecraft:mined":{"minecraft:grass":1,"biomesoplenty:bush":1,"minecraft:glass_pane":1,"minecraft:redstone_wire":1,"minecraft:spruce_slab":1,"minecraft:redstone_wall_torch":2},"minecraft:dropped":{"spore:mutated_fiber":3,"minecraft:oak_sapling":2},"minecraft:custom":{"minecraft:time_since_rest":987,"minecraft:open_chest":6,"minecraft:crouch_one_cm":2480,"minecraft:sprint_one_cm":23404,"minecraft:play_time":30541,"minecraft:damage_taken":2465,"minecraft:deaths":9,"minecraft:walk_one_cm":37993,"minecraft:sneak_time":740,"minecraft:walk_under_water_one_cm":2687,"minecraft:drop":4,"minecraft:jump":189,"minecraft:damage_dealt":10,"minecraft:leave_game":1,"minecraft:walk_on_water_one_cm":440,"minecraft:time_since_death":689,"minecraft:climb_one_cm":12226,"minecraft:total_world_time":30541,"minecraft:swim_one_cm":7618,"minecraft:fall_one_cm":7826,"minecraft:fly_one_cm":46138},"minecraft:picked_up":{"minecraft:iron_door":1,"minecraft:redstone_torch":2,"spore:mutated_fiber":3,"minecraft:oak_sapling":2,"minecraft:redstone":1},"minecraft:killed_by":{"spore:braiomil":1,"spore:inf_player":1,"minecraft:creeper":1,"spore:slasher":1,"minecraft:zombie":1,"spore:busser":1,"spore:griefer":1}},"DataVersion":3465}