{"stats":{"minecraft:custom":{"minecraft:time_since_rest":4,"minecraft:open_chest":6,"minecraft:crouch_one_cm":2480,"minecraft:play_time":15286,"minecraft:sprint_one_cm":11489,"minecraft:deaths":2,"minecraft:damage_taken":440,"minecraft:walk_one_cm":26998,"minecraft:sneak_time":729,"minecraft:walk_under_water_one_cm":2610,"minecraft:jump":124,"minecraft:damage_dealt":10,"minecraft:leave_game":1,"minecraft:walk_on_water_one_cm":440,"minecraft:time_since_death":0,"minecraft:total_world_time":15286,"minecraft:climb_one_cm":12226,"minecraft:swim_one_cm":7618,"minecraft:fall_one_cm":6651,"minecraft:fly_one_cm":29763},"minecraft:used":{"minecraft:redstone_torch":2,"minecraft:redstone_lamp":2,"minecraft:redstone":1,"minecraft:iron_boots":1},"minecraft:picked_up":{"minecraft:iron_door":1,"minecraft:redstone_torch":2,"minecraft:redstone":1},"minecraft:mined":{"minecraft:grass":1,"biomesoplenty:bush":1,"minecraft:glass_pane":1,"minecraft:redstone_wire":1,"minecraft:spruce_slab":1,"minecraft:redstone_wall_torch":2}},"DataVersion":3465}