{"stats":{"minecraft:mined":{"minecraft:tall_grass":2,"biomesoplenty:sprout":1},"minecraft:custom":{"minecraft:jump":256,"minecraft:time_since_rest":2071,"minecraft:crouch_one_cm":88,"minecraft:damage_dealt":48,"minecraft:deaths":6,"minecraft:sprint_one_cm":24387,"minecraft:play_time":16743,"minecraft:damage_taken":1590,"minecraft:time_since_death":0,"minecraft:walk_one_cm":5437,"minecraft:sneak_time":21,"minecraft:total_world_time":16743,"minecraft:fall_one_cm":9281,"minecraft:fly_one_cm":43587,"minecraft:player_kills":1},"minecraft:killed_by":{"minecraft:husk":1,"minecraft:zombie":1,"minecraft:skeleton":1,"monsterplus:overgrown_skeleton":3}},"DataVersion":3465}