{"stats":{"minecraft:used":{"croptopia:lemon":4,"minecraft:redstone":1,"minecraft:crafting_table":6,"minecraft:redstone_torch":2,"minecraft:spruce_boat":1,"minecraft:wooden_axe":18,"minecraft:dark_oak_log":2,"minecraft:iron_boots":1,"minecraft:redstone_lamp":2,"minecraft:oak_boat":2},"minecraft:mined":{"minecraft:glass_pane":1,"minecraft:dark_oak_log":13,"minecraft:crafting_table":1,"biomesoplenty:bush":6,"minecraft:redstone_wire":1,"minecraft:tall_grass":3,"minecraft:spruce_leaves":11,"minecraft:kelp":2,"minecraft:spruce_log":9,"minecraft:peony":1,"minecraft:grass":5,"minecraft:oak_log":14,"minecraft:spruce_slab":1,"minecraft:oak_leaves":7,"minecraft:redstone_wall_torch":2},"minecraft:crafted":{"minecraft:oak_planks":44,"minecraft:crafting_table":7,"minecraft:spruce_planks":36,"minecraft:oak_boat":2,"minecraft:stick":12,"minecraft:wooden_axe":3,"minecraft:spruce_boat":1,"minecraft:dark_oak_planks":40},"minecraft:killed":{"spore:braiomil":2,"minecraft:sheep":2,"spore:inf_witch":1},"minecraft:dropped":{"minecraft:kelp":2,"minecraft:crafting_table":1,"minecraft:dark_oak_sapling":1,"spore:mutated_fiber":3,"minecraft:wooden_axe":1,"minecraft:oak_sapling":3},"minecraft:custom":{"minecraft:mob_kills":5,"minecraft:interact_with_crafting_table":6,"minecraft:leave_game":1,"minecraft:time_since_death":1664,"minecraft:climb_one_cm":13250,"minecraft:time_since_rest":1697,"minecraft:sprint_one_cm":100497,"minecraft:damage_taken":8803,"minecraft:walk_one_cm":84007,"minecraft:drop":9,"minecraft:damage_dealt":1025,"minecraft:swim_one_cm":11705,"minecraft:fly_one_cm":202187,"minecraft:open_chest":6,"minecraft:crouch_one_cm":8981,"minecraft:play_time":66541,"minecraft:deaths":31,"minecraft:sneak_time":2683,"minecraft:walk_under_water_one_cm":8149,"minecraft:boat_one_cm":301947,"minecraft:jump":766,"minecraft:walk_on_water_one_cm":1946,"minecraft:total_world_time":66541,"minecraft:fall_one_cm":34644},"minecraft:picked_up":{"minecraft:wooden_axe":1,"minecraft:crafting_table":1,"minecraft:iron_door":1,"minecraft:oak_log":13,"minecraft:dirt":16,"minecraft:bone":4,"minecraft:kelp":2,"minecraft:redstone_torch":2,"spore:mutated_fiber":6,"minecraft:glowstone_dust":1,"minecraft:dark_oak_sapling":1,"minecraft:stick":4,"spore:armor_fragment":1,"minecraft:spruce_sapling":4,"minecraft:spruce_log":11,"minecraft:redstone":1,"minecraft:dark_oak_log":13,"croptopia:cherry":9,"croptopia:lemon":4,"minecraft:arrow":6,"minecraft:oak_sapling":10,"spore:alveolic_sack":2,"minecraft:mutton":6,"minecraft:white_wool":3},"minecraft:killed_by":{"cataclysm:deepling":1,"spore:inf_player":9,"spore:slasher":6,"spore:busser":2,"spore:braiomil":1,"minecraft:creeper":1,"minecraft:zombie":1,"spore:inf_human":1,"spore:griefer":1,"spore:inf_evoker":2,"spore:inf_pillager":1}},"DataVersion":3465}