{"stats":{"minecraft:crafted":{"minecraft:wooden_sword":1,"minecraft:oak_planks":20,"minecraft:stick":8,"minecraft:wooden_pickaxe":2,"minecraft:stone_pickaxe":1},"minecraft:picked_up":{"minecraft:raw_copper":8,"minecraft:crafting_table":1,"minecraft:cobbled_deepslate":1,"minecraft:oak_log":5,"minecraft:oak_sapling":1,"minecraft:egg":1,"minecraft:cobblestone":8},"minecraft:custom":{"minecraft:open_chest":1,"minecraft:time_since_rest":40998,"minecraft:deaths":2,"minecraft:crouch_one_cm":140,"minecraft:play_time":137398,"minecraft:sprint_one_cm":51535,"minecraft:damage_taken":475,"minecraft:walk_one_cm":75533,"minecraft:sneak_time":46,"minecraft:walk_under_water_one_cm":4601,"minecraft:jump":246,"minecraft:leave_game":2,"minecraft:walk_on_water_one_cm":3561,"minecraft:time_since_death":0,"minecraft:climb_one_cm":200,"minecraft:total_world_time":137398,"minecraft:swim_one_cm":9099,"minecraft:interact_with_crafting_table":3,"minecraft:fall_one_cm":5715,"minecraft:fly_one_cm":14015},"minecraft:mined":{"minecraft:oak_log":5,"minecraft:stone":8,"minecraft:oak_leaves":9,"minecraft:crafting_table":1,"minecraft:deepslate":1,"minecraft:deepslate_copper_ore":2},"minecraft:used":{"minecraft:cobblestone":1,"minecraft:oak_sapling":1,"minecraft:stone_pickaxe":4,"minecraft:egg":1,"minecraft:wooden_pickaxe":8},"minecraft:killed_by":{"minecraft:zombie":1}},"DataVersion":3953}