{"stats":{"minecraft:picked_up":{"minecraft:oak_log":5,"minecraft:cobblestone":8},"minecraft:crafted":{"minecraft:wooden_sword":1,"minecraft:oak_planks":20,"minecraft:stick":8,"minecraft:wooden_pickaxe":2,"minecraft:stone_pickaxe":1},"minecraft:custom":{"minecraft:jump":59,"minecraft:open_chest":1,"minecraft:time_since_rest":38052,"minecraft:sprint_one_cm":11632,"minecraft:play_time":38052,"minecraft:damage_taken":10,"minecraft:time_since_death":38052,"minecraft:walk_one_cm":20567,"minecraft:climb_one_cm":200,"minecraft:total_world_time":38052,"minecraft:interact_with_crafting_table":3,"minecraft:fall_one_cm":1500,"minecraft:fly_one_cm":4771},"minecraft:used":{"minecraft:wooden_pickaxe":8},"minecraft:mined":{"minecraft:stone":8,"minecraft:oak_log":5}},"DataVersion":3953}