{"stats":{"minecraft:dropped":{"minecraft:bowl":4,"minecraft:rotten_flesh":12,"minecraft:leather_chestplate":1,"minecraft:dirt":7,"minecraft:leather_boots":1,"minecraft:wooden_sword":1,"minecraft:iron_pickaxe":1},"minecraft:broken":{"minecraft:stone_pickaxe":2,"minecraft:wooden_pickaxe":2},"minecraft:crafted":{"minecraft:wooden_sword":1,"minecraft:crafting_table":1,"minecraft:cooked_chicken":1,"minecraft:iron_sword":1,"minecraft:furnace":1,"minecraft:bone_meal":6,"minecraft:birch_planks":72,"minecraft:iron_boots":1,"minecraft:stick":24,"minecraft:iron_ingot":16,"minecraft:iron_pickaxe":1,"minecraft:stone_pickaxe":3,"minecraft:stone_sword":1,"minecraft:gold_ingot":1,"minecraft:iron_leggings":1,"minecraft:white_bed":1,"minecraft:torch":72},"minecraft:picked_up":{"minecraft:birch_log":18,"minecraft:crafting_table":3,"minecraft:chicken":1,"minecraft:wooden_pickaxe":2,"minecraft:potato":1,"minecraft:birch_planks":24,"minecraft:potion":5,"minecraft:gunpowder":7,"minecraft:string":3,"minecraft:lapis_lazuli":14,"minecraft:dirt":128,"minecraft:wooden_sword":1,"minecraft:smooth_stone_slab":3,"minecraft:bone":4,"minecraft:stone_bricks":12,"minecraft:cracked_stone_bricks":1,"minecraft:wheat_seeds":3,"minecraft:iron_ingot":1,"minecraft:iron_sword":1,"minecraft:chest":2,"minecraft:birch_sapling":3,"minecraft:oak_planks":8,"minecraft:furnace":2,"minecraft:egg":1,"minecraft:stick":13,"minecraft:raw_iron":16,"minecraft:torch":5,"minecraft:porkchop":14,"minecraft:white_bed":1,"minecraft:arrow":3,"minecraft:honey_bottle":1,"minecraft:rotten_flesh":14,"minecraft:decorated_pot":15,"minecraft:oak_sapling":1,"minecraft:mutton":3,"minecraft:coal":33,"minecraft:white_wool":2,"minecraft:cobblestone":366},"minecraft:killed":{"minecraft:pig":6,"minecraft:zombie_villager":1,"minecraft:spider":2,"minecraft:creeper":4,"minecraft:skeleton":2,"minecraft:sheep":2,"minecraft:zombie":10,"minecraft:chicken":1},"minecraft:custom":{"minecraft:interact_with_smithing_table":1,"minecraft:interact_with_furnace":38,"minecraft:mob_kills":29,"minecraft:interact_with_crafting_table":15,"minecraft:leave_game":1,"minecraft:time_since_death":94927,"minecraft:sleep_in_bed":4,"minecraft:climb_one_cm":14810,"minecraft:time_since_rest":22300,"minecraft:sprint_one_cm":146679,"minecraft:damage_taken":870,"minecraft:walk_one_cm":472033,"minecraft:drop":7,"minecraft:damage_dealt":4715,"minecraft:swim_one_cm":982,"minecraft:fly_one_cm":74300,"minecraft:open_chest":66,"minecraft:crouch_one_cm":1333,"minecraft:play_time":106681,"minecraft:deaths":1,"minecraft:sneak_time":568,"minecraft:walk_under_water_one_cm":1816,"minecraft:jump":1349,"minecraft:interact_with_blast_furnace":2,"minecraft:walk_on_water_one_cm":7892,"minecraft:interact_with_smoker":1,"minecraft:total_world_time":106681,"minecraft:fall_one_cm":21224},"minecraft:killed_by":{"minecraft:player":1},"minecraft:used":{"minecraft:stone_sword":62,"minecraft:stone_pickaxe":279,"minecraft:chest":2,"minecraft:wooden_pickaxe":112,"minecraft:iron_sword":54,"minecraft:cooked_chicken":1,"minecraft:rotten_flesh":2,"minecraft:torch":69,"minecraft:dirt":55,"minecraft:crafting_table":4,"minecraft:white_bed":2,"minecraft:bread":14,"minecraft:iron_pickaxe":6,"minecraft:iron_boots":1,"minecraft:stone_bricks":7,"minecraft:wooden_sword":18,"minecraft:cobblestone":130,"minecraft:furnace":2,"minecraft:egg":1},"minecraft:mined":{"minecraft:white_bed":1,"minecraft:red_bed":1,"minecraft:crafting_table":3,"minecraft:torch":1,"minecraft:short_grass":5,"minecraft:grass_block":10,"minecraft:decorated_pot":19,"minecraft:chest":2,"minecraft:cobblestone":1,"minecraft:lapis_ore":1,"minecraft:wall_torch":4,"minecraft:furnace":2,"minecraft:birch_log":19,"minecraft:iron_ore":16,"minecraft:birch_leaves":17,"minecraft:smooth_stone_slab":6,"minecraft:coal_ore":33,"minecraft:gravel":2,"minecraft:dirt":41,"minecraft:cobweb":1,"minecraft:stone":317,"minecraft:oak_leaves":20}},"DataVersion":3953}