{"stats":{"minecraft:crafted":{"minecraft:wooden_sword":1,"minecraft:cooked_chicken":1,"minecraft:furnace":3,"minecraft:bone_meal":6,"minecraft:iron_boots":1,"minecraft:stone_pickaxe":3,"minecraft:chest":1,"minecraft:crafting_table":2,"minecraft:iron_helmet":1,"minecraft:iron_sword":1,"minecraft:birch_planks":72,"minecraft:bread":21,"minecraft:iron_chestplate":1,"minecraft:shield":1,"minecraft:stick":56,"minecraft:iron_ingot":152,"minecraft:iron_pickaxe":2,"minecraft:stone_sword":1,"minecraft:gold_ingot":1,"minecraft:iron_leggings":1,"minecraft:white_bed":1,"minecraft:torch":192},"minecraft:picked_up":{"minecraft:crafting_table":3,"minecraft:wheat":4,"minecraft:chicken":1,"minecraft:chest_minecart":1,"minecraft:wooden_pickaxe":2,"minecraft:potion":6,"minecraft:brewing_stand":1,"minecraft:string":21,"minecraft:wooden_sword":1,"minecraft:smooth_stone_slab":17,"minecraft:cracked_stone_bricks":1,"minecraft:cobbled_deepslate":13,"minecraft:coal_block":9,"minecraft:chest":2,"minecraft:birch_sapling":3,"minecraft:egg":1,"minecraft:furnace":2,"minecraft:raw_iron":199,"minecraft:stick":13,"minecraft:torch":42,"minecraft:porkchop":14,"minecraft:diorite":2,"minecraft:carrot":3,"minecraft:redstone":9,"minecraft:arrow":10,"minecraft:honey_bottle":1,"minecraft:rotten_flesh":24,"minecraft:decorated_pot":37,"minecraft:gold_ingot":1,"minecraft:mutton":3,"minecraft:white_wool":2,"minecraft:cobblestone":487,"minecraft:birch_log":18,"minecraft:feather":1,"minecraft:glow_ink_sac":2,"minecraft:andesite":3,"minecraft:potato":1,"minecraft:birch_planks":24,"minecraft:tuff":3,"minecraft:gunpowder":8,"minecraft:lapis_lazuli":79,"minecraft:dirt":132,"minecraft:name_tag":1,"minecraft:bone":15,"minecraft:apple":8,"minecraft:stone_bricks":16,"minecraft:wheat_seeds":3,"minecraft:raw_gold":20,"minecraft:iron_ingot":3,"minecraft:mossy_stone_bricks":1,"minecraft:powered_rail":4,"minecraft:oak_planks":29,"minecraft:iron_sword":1,"minecraft:cooked_porkchop":1,"minecraft:chiseled_stone_bricks":8,"minecraft:gravel":18,"minecraft:white_bed":1,"minecraft:spider_eye":3,"minecraft:sugar":1,"minecraft:slime_ball":2,"minecraft:diamond":4,"minecraft:granite":1,"minecraft:emerald":5,"minecraft:bread":4,"minecraft:oak_sapling":1,"minecraft:coal":75},"minecraft:custom":{"minecraft:interact_with_smithing_table":1,"minecraft:mob_kills":65,"minecraft:interact_with_crafting_table":38,"minecraft:leave_game":4,"minecraft:time_since_death":232122,"minecraft:climb_one_cm":33131,"minecraft:sprint_one_cm":539719,"minecraft:walk_one_cm":1175004,"minecraft:damage_blocked_by_shield":20,"minecraft:drop":31,"minecraft:play_time":243876,"minecraft:deaths":1,"minecraft:sneak_time":2522,"minecraft:walk_under_water_one_cm":4940,"minecraft:jump":3023,"minecraft:interact_with_blast_furnace":4,"minecraft:walk_on_water_one_cm":20389,"minecraft:total_world_time":243876,"minecraft:interact_with_furnace":66,"minecraft:sleep_in_bed":6,"minecraft:time_since_rest":79988,"minecraft:damage_taken":1377,"minecraft:damage_dealt":9418,"minecraft:swim_one_cm":982,"minecraft:fly_one_cm":270183,"minecraft:open_chest":193,"minecraft:crouch_one_cm":5218,"minecraft:interact_with_smoker":1,"minecraft:fall_one_cm":44991},"minecraft:broken":{"minecraft:wooden_pickaxe":2,"minecraft:stone_pickaxe":2,"minecraft:iron_pickaxe":3},"minecraft:mined":{"minecraft:tuff":3,"minecraft:white_bed":1,"minecraft:deepslate_diamond_ore":4,"minecraft:brewing_stand":1,"minecraft:granite":5,"minecraft:grass_block":17,"minecraft:decorated_pot":44,"minecraft:coal_block":9,"minecraft:spawner":1,"minecraft:chiseled_stone_bricks":9,"minecraft:furnace":2,"minecraft:iron_ore":167,"minecraft:andesite":14,"minecraft:deepslate_iron_ore":33,"minecraft:green_carpet":5,"minecraft:stone":518,"minecraft:red_bed":1,"minecraft:crafting_table":3,"minecraft:torch":9,"minecraft:short_grass":11,"minecraft:chest":2,"minecraft:cobblestone":7,"minecraft:deepslate_gold_ore":20,"minecraft:lapis_ore":9,"minecraft:oak_planks":21,"minecraft:diorite":7,"minecraft:wall_torch":16,"minecraft:birch_log":19,"minecraft:birch_leaves":17,"minecraft:smooth_stone_slab":29,"minecraft:infested_mossy_stone_bricks":1,"minecraft:coal_ore":70,"minecraft:gravel":9,"minecraft:dirt":72,"minecraft:cobweb":13,"minecraft:stone_bricks":25,"minecraft:mossy_stone_bricks":8,"minecraft:oak_leaves":20,"minecraft:deepslate":13},"minecraft:killed":{"minecraft:cave_spider":6,"minecraft:spider":4,"minecraft:skeleton":5,"minecraft:chicken":1,"minecraft:silverfish":1,"minecraft:pig":6,"minecraft:zombie_villager":2,"minecraft:creeper":9,"minecraft:sheep":2,"minecraft:zombie":16},"minecraft:used":{"minecraft:stone_sword":62,"minecraft:chest":3,"minecraft:shield":1,"minecraft:iron_sword":206,"minecraft:cooked_chicken":1,"minecraft:rotten_flesh":3,"minecraft:torch":272,"minecraft:dirt":55,"minecraft:iron_boots":1,"minecraft:stone_bricks":7,"minecraft:bow":12,"minecraft:furnace":4,"minecraft:egg":1,"minecraft:stone_pickaxe":279,"minecraft:wooden_pickaxe":112,"minecraft:crafting_table":5,"minecraft:white_bed":2,"minecraft:bread":35,"minecraft:iron_pickaxe":609,"minecraft:gravel":8,"minecraft:coal_block":1,"minecraft:wooden_sword":18,"minecraft:cobblestone":207,"minecraft:cooked_porkchop":1},"minecraft:dropped":{"minecraft:decorated_pot":6,"minecraft:cobblestone":9,"minecraft:leather_helmet":1,"minecraft:dirt":11,"minecraft:wooden_sword":1,"minecraft:iron_pickaxe":1,"minecraft:gold_ingot":1,"minecraft:bone":1,"minecraft:gravel":10,"minecraft:smooth_stone_slab":1,"minecraft:bowl":4,"minecraft:wheat":8,"minecraft:rotten_flesh":12,"minecraft:carrot":1,"minecraft:leather_chestplate":1,"minecraft:gunpowder":1,"minecraft:mossy_stone_bricks":1,"minecraft:leather_boots":1},"minecraft:killed_by":{"minecraft:player":1}},"DataVersion":3953}