{"stats":{"minecraft:crafted":{"minecraft:cooked_porkchop":1,"minecraft:crafting_table":1,"minecraft:wooden_pickaxe":1,"minecraft:furnace":1,"minecraft:birch_planks":40,"minecraft:stone_axe":1,"minecraft:stick":16,"minecraft:stone_pickaxe":1,"minecraft:wooden_axe":1,"minecraft:stone_sword":1,"minecraft:white_bed":1},"minecraft:picked_up":{"minecraft:birch_log":10,"minecraft:crafting_table":2,"minecraft:feather":1,"minecraft:andesite":2,"minecraft:leather":1,"minecraft:enchanted_book":3,"minecraft:potion":1,"minecraft:flint":1,"minecraft:oak_log":7,"minecraft:brick":16,"minecraft:red_bed":3,"minecraft:bone":2,"minecraft:stone_bricks":6,"minecraft:cracked_stone_bricks":1,"minecraft:beef":4,"minecraft:mossy_stone_bricks":1,"minecraft:sugar_cane":4,"minecraft:furnace":1,"minecraft:book":6,"minecraft:stick":2,"minecraft:torch":1,"minecraft:porkchop":1,"minecraft:white_bed":1,"minecraft:honey_bottle":1,"minecraft:rotten_flesh":5,"minecraft:granite":4,"minecraft:bread":3,"minecraft:oak_sapling":1,"minecraft:mutton":6,"minecraft:iron_bars":1,"minecraft:white_wool":4,"minecraft:cobblestone":20},"minecraft:custom":{"minecraft:interact_with_furnace":6,"minecraft:mob_kills":9,"minecraft:interact_with_crafting_table":6,"minecraft:time_since_death":35191,"minecraft:sleep_in_bed":2,"minecraft:time_since_rest":17373,"minecraft:sprint_one_cm":89449,"minecraft:damage_taken":562,"minecraft:walk_one_cm":88428,"minecraft:drop":20,"minecraft:damage_dealt":1297,"minecraft:fly_one_cm":69346,"minecraft:open_chest":22,"minecraft:play_time":36718,"minecraft:deaths":1,"minecraft:jump":423,"minecraft:walk_on_water_one_cm":329,"minecraft:total_world_time":36718,"minecraft:fall_one_cm":10707},"minecraft:mined":{"minecraft:white_bed":1,"minecraft:red_bed":3,"minecraft:crafting_table":2,"minecraft:torch":1,"minecraft:granite":4,"minecraft:short_grass":6,"minecraft:decorated_pot":8,"minecraft:sugar_cane":4,"minecraft:furnace":1,"minecraft:birch_log":10,"minecraft:birch_leaves":4,"minecraft:andesite":2,"minecraft:bookshelf":2,"minecraft:oak_log":5,"minecraft:iron_bars":1,"minecraft:cracked_stone_bricks":1,"minecraft:stone":20,"minecraft:stone_bricks":9,"minecraft:mossy_stone_bricks":1,"minecraft:oak_leaves":11},"minecraft:killed":{"minecraft:pig":1,"minecraft:sheep":4,"minecraft:skeleton":1,"minecraft:zombie":1,"minecraft:cow":2},"minecraft:used":{"minecraft:stone_sword":40,"minecraft:stone_pickaxe":1,"minecraft:wooden_pickaxe":18,"minecraft:chainmail_helmet":1,"minecraft:crafting_table":3,"minecraft:white_bed":1,"minecraft:wooden_axe":9,"minecraft:iron_axe":11,"minecraft:bread":3,"minecraft:iron_pickaxe":28,"minecraft:stone_bricks":6,"minecraft:stone_axe":1,"minecraft:cobblestone":2,"minecraft:furnace":2,"minecraft:cooked_porkchop":1},"minecraft:dropped":{"minecraft:enchanted_book":3,"minecraft:stone_axe":1,"minecraft:oak_log":2,"minecraft:stone_shovel":1,"minecraft:feather":1,"minecraft:cobblestone":2,"minecraft:rotten_flesh":2,"minecraft:granite":4,"minecraft:cracked_stone_bricks":1,"minecraft:torch":1,"minecraft:andesite":2,"minecraft:wooden_axe":1,"minecraft:mossy_stone_bricks":1,"minecraft:potion":1,"minecraft:iron_bars":1,"minecraft:brick":16},"minecraft:killed_by":{"minecraft:player":1}},"DataVersion":3953}