{"stats":{"minecraft:crafted":{"minecraft:cooked_porkchop":1,"minecraft:crafting_table":1,"minecraft:stick":16,"minecraft:wooden_pickaxe":1,"minecraft:stone_pickaxe":1,"minecraft:wooden_axe":1,"minecraft:stone_sword":1,"minecraft:furnace":1,"minecraft:birch_planks":40,"minecraft:stone_axe":1},"minecraft:picked_up":{"minecraft:birch_log":10,"minecraft:stick":2,"minecraft:crafting_table":2,"minecraft:feather":1,"minecraft:leather":1,"minecraft:torch":1,"minecraft:porkchop":1,"minecraft:oak_log":7,"minecraft:rotten_flesh":2,"minecraft:beef":4,"minecraft:oak_sapling":1,"minecraft:sugar_cane":4,"minecraft:mutton":6,"minecraft:white_wool":4,"minecraft:cobblestone":18,"minecraft:furnace":1},"minecraft:custom":{"minecraft:time_since_rest":11231,"minecraft:interact_with_furnace":6,"minecraft:sprint_one_cm":56729,"minecraft:damage_taken":440,"minecraft:walk_one_cm":43404,"minecraft:mob_kills":8,"minecraft:drop":8,"minecraft:damage_dealt":1011,"minecraft:interact_with_crafting_table":5,"minecraft:fly_one_cm":53334,"minecraft:play_time":12718,"minecraft:deaths":1,"minecraft:jump":318,"minecraft:walk_on_water_one_cm":329,"minecraft:time_since_death":11191,"minecraft:total_world_time":12718,"minecraft:fall_one_cm":7758},"minecraft:mined":{"minecraft:furnace":1,"minecraft:birch_log":10,"minecraft:birch_leaves":4,"minecraft:crafting_table":2,"minecraft:torch":1,"minecraft:short_grass":6,"minecraft:oak_log":5,"minecraft:stone":18,"minecraft:sugar_cane":4,"minecraft:oak_leaves":7},"minecraft:used":{"minecraft:wooden_axe":9,"minecraft:stone_sword":36,"minecraft:stone_pickaxe":1,"minecraft:wooden_pickaxe":18,"minecraft:stone_axe":1,"minecraft:crafting_table":2,"minecraft:furnace":1,"minecraft:cooked_porkchop":1},"minecraft:killed":{"minecraft:sheep":4,"minecraft:zombie":1,"minecraft:pig":1,"minecraft:cow":2},"minecraft:dropped":{"minecraft:oak_log":2,"minecraft:torch":1,"minecraft:wooden_axe":1,"minecraft:cobblestone":2,"minecraft:feather":1,"minecraft:rotten_flesh":2},"minecraft:killed_by":{"minecraft:player":1}},"DataVersion":3953}