{"stats":{"minecraft:crafted":{"minecraft:oak_planks":20,"minecraft:diamond_sword":1,"minecraft:cooked_porkchop":1,"minecraft:crafting_table":4,"minecraft:wooden_pickaxe":1,"minecraft:furnace":2,"minecraft:birch_planks":40,"minecraft:stone_axe":1,"minecraft:bread":7,"minecraft:cooked_mutton":4,"minecraft:diamond_pickaxe":1,"minecraft:stick":24,"minecraft:stone_pickaxe":1,"minecraft:wooden_axe":1,"minecraft:stone_sword":1,"minecraft:white_bed":1,"minecraft:wheat":27},"minecraft:picked_up":{"minecraft:wooden_axe":1,"minecraft:birch_log":10,"minecraft:crafting_table":3,"minecraft:feather":1,"minecraft:ladder":14,"minecraft:salmon":3,"minecraft:andesite":2,"minecraft:leather":1,"minecraft:birch_planks":53,"minecraft:enchanted_book":5,"minecraft:potion":1,"minecraft:flint":5,"minecraft:oak_log":14,"minecraft:gunpowder":6,"minecraft:brick":48,"minecraft:dirt":21,"minecraft:raw_copper":54,"minecraft:red_bed":10,"minecraft:iron_axe":4,"minecraft:name_tag":1,"minecraft:cooked_mutton":1,"minecraft:bone":6,"minecraft:apple":2,"minecraft:stone_bricks":6,"minecraft:cracked_stone_bricks":3,"minecraft:cobbled_deepslate":106,"minecraft:raw_gold":32,"minecraft:iron_ingot":2,"minecraft:beef":8,"minecraft:stone_pickaxe":1,"minecraft:mossy_stone_bricks":5,"minecraft:iron_pickaxe":7,"minecraft:sugar_cane":4,"minecraft:oak_planks":1,"minecraft:furnace":1,"minecraft:book":36,"minecraft:raw_iron":21,"minecraft:stick":166,"minecraft:torch":6,"minecraft:porkchop":1,"minecraft:diorite":18,"minecraft:white_bed":4,"minecraft:redstone":10,"minecraft:arrow":2,"minecraft:stone_sword":4,"minecraft:honey_bottle":4,"minecraft:rotten_flesh":5,"minecraft:diamond":24,"minecraft:stone_axe":3,"minecraft:hay_block":4,"minecraft:granite":6,"minecraft:gold_ingot":3,"minecraft:chainmail_helmet":4,"minecraft:bread":14,"minecraft:coal":24,"minecraft:oak_sapling":4,"minecraft:mutton":24,"minecraft:iron_bars":2,"minecraft:white_wool":4,"minecraft:cobblestone":30},"minecraft:custom":{"minecraft:interact_with_furnace":17,"minecraft:mob_kills":14,"minecraft:interact_with_crafting_table":12,"minecraft:time_since_death":5470,"minecraft:sleep_in_bed":2,"minecraft:climb_one_cm":2520,"minecraft:time_since_rest":5497,"minecraft:sprint_one_cm":166598,"minecraft:damage_taken":1838,"minecraft:walk_one_cm":163471,"minecraft:drop":36,"minecraft:damage_dealt":3867,"minecraft:swim_one_cm":16979,"minecraft:player_kills":5,"minecraft:fly_one_cm":182203,"minecraft:open_chest":26,"minecraft:sneak_time":3,"minecraft:play_time":66718,"minecraft:deaths":5,"minecraft:walk_under_water_one_cm":9812,"minecraft:jump":1093,"minecraft:walk_on_water_one_cm":13694,"minecraft:total_world_time":66718,"minecraft:fall_one_cm":37109},"minecraft:broken":{"minecraft:stone_sword":1},"minecraft:mined":{"minecraft:white_bed":1,"minecraft:red_bed":3,"minecraft:deepslate_diamond_ore":6,"minecraft:crafting_table":2,"minecraft:torch":2,"minecraft:granite":4,"minecraft:short_grass":7,"minecraft:decorated_pot":8,"minecraft:oak_planks":1,"minecraft:deepslate_gold_ore":6,"minecraft:sugar_cane":4,"minecraft:hay_block":4,"minecraft:furnace":1,"minecraft:birch_log":10,"minecraft:birch_leaves":4,"minecraft:andesite":2,"minecraft:bookshelf":6,"minecraft:deepslate_iron_ore":11,"minecraft:oak_log":7,"minecraft:iron_bars":1,"minecraft:gravel":1,"minecraft:cracked_stone_bricks":1,"minecraft:stone":22,"minecraft:stone_bricks":9,"minecraft:gold_ore":2,"minecraft:mossy_stone_bricks":3,"minecraft:deepslate":12,"minecraft:oak_leaves":11},"minecraft:killed":{"minecraft:pig":1,"minecraft:creeper":1,"minecraft:sheep":4,"minecraft:skeleton":2,"minecraft:zombie":3,"minecraft:cow":2},"minecraft:used":{"minecraft:cooked_mutton":3,"minecraft:mossy_stone_bricks":3,"minecraft:stone_sword":100,"minecraft:oak_planks":1,"minecraft:stone_pickaxe":1,"minecraft:wooden_pickaxe":18,"minecraft:chainmail_helmet":1,"minecraft:cracked_stone_bricks":1,"minecraft:dirt":6,"minecraft:crafting_table":6,"minecraft:white_bed":1,"minecraft:wooden_axe":9,"minecraft:iron_axe":59,"minecraft:bread":8,"minecraft:iron_pickaxe":75,"minecraft:stone_bricks":6,"minecraft:stone_axe":1,"minecraft:cobblestone":6,"minecraft:furnace":3,"minecraft:cooked_porkchop":1},"minecraft:dropped":{"minecraft:enchanted_book":3,"minecraft:stone_axe":2,"minecraft:oak_log":2,"minecraft:cobbled_deepslate":1,"minecraft:stone_shovel":1,"minecraft:feather":1,"minecraft:cobblestone":2,"minecraft:rotten_flesh":2,"minecraft:granite":4,"minecraft:cracked_stone_bricks":1,"minecraft:red_bed":1,"minecraft:torch":2,"minecraft:andesite":2,"minecraft:wooden_axe":1,"minecraft:mossy_stone_bricks":1,"minecraft:oak_sapling":3,"minecraft:potion":1,"minecraft:iron_bars":1,"minecraft:stone_pickaxe":1,"minecraft:brick":16,"minecraft:redstone":10},"minecraft:killed_by":{"minecraft:player":3}},"DataVersion":3953}