{"stats":{"minecraft:crafted":{"minecraft:cooked_porkchop":1,"minecraft:crafting_table":1,"minecraft:wooden_pickaxe":1,"minecraft:furnace":1,"minecraft:birch_planks":40,"minecraft:stone_axe":1,"minecraft:stick":16,"minecraft:stone_pickaxe":1,"minecraft:wooden_axe":1,"minecraft:stone_sword":1,"minecraft:white_bed":1},"minecraft:picked_up":{"minecraft:birch_log":10,"minecraft:crafting_table":2,"minecraft:feather":1,"minecraft:ladder":7,"minecraft:salmon":3,"minecraft:andesite":2,"minecraft:leather":1,"minecraft:birch_planks":38,"minecraft:enchanted_book":5,"minecraft:potion":1,"minecraft:flint":3,"minecraft:oak_log":7,"minecraft:gunpowder":2,"minecraft:brick":32,"minecraft:dirt":7,"minecraft:raw_copper":54,"minecraft:red_bed":8,"minecraft:iron_axe":2,"minecraft:name_tag":1,"minecraft:bone":2,"minecraft:apple":2,"minecraft:stone_bricks":6,"minecraft:cracked_stone_bricks":2,"minecraft:cobbled_deepslate":48,"minecraft:raw_gold":23,"minecraft:iron_ingot":2,"minecraft:beef":8,"minecraft:stone_pickaxe":1,"minecraft:mossy_stone_bricks":2,"minecraft:iron_pickaxe":3,"minecraft:sugar_cane":4,"minecraft:oak_planks":1,"minecraft:furnace":1,"minecraft:book":18,"minecraft:raw_iron":19,"minecraft:stick":102,"minecraft:torch":4,"minecraft:porkchop":1,"minecraft:diorite":9,"minecraft:white_bed":3,"minecraft:redstone":10,"minecraft:stone_sword":3,"minecraft:honey_bottle":3,"minecraft:rotten_flesh":5,"minecraft:diamond":11,"minecraft:stone_axe":2,"minecraft:granite":5,"minecraft:gold_ingot":3,"minecraft:chainmail_helmet":2,"minecraft:bread":11,"minecraft:coal":16,"minecraft:oak_sapling":4,"minecraft:mutton":18,"minecraft:iron_bars":2,"minecraft:white_wool":4,"minecraft:cobblestone":30},"minecraft:custom":{"minecraft:interact_with_furnace":8,"minecraft:mob_kills":11,"minecraft:interact_with_crafting_table":6,"minecraft:time_since_death":6390,"minecraft:sleep_in_bed":2,"minecraft:climb_one_cm":2504,"minecraft:time_since_rest":6420,"minecraft:sprint_one_cm":114605,"minecraft:damage_taken":1025,"minecraft:walk_one_cm":112142,"minecraft:drop":36,"minecraft:damage_dealt":2312,"minecraft:swim_one_cm":16979,"minecraft:player_kills":2,"minecraft:fly_one_cm":104820,"minecraft:open_chest":23,"minecraft:play_time":48718,"minecraft:deaths":3,"minecraft:walk_under_water_one_cm":9812,"minecraft:jump":655,"minecraft:walk_on_water_one_cm":13128,"minecraft:total_world_time":48718,"minecraft:fall_one_cm":18521},"minecraft:broken":{"minecraft:stone_sword":1},"minecraft:mined":{"minecraft:white_bed":1,"minecraft:red_bed":3,"minecraft:deepslate_diamond_ore":5,"minecraft:crafting_table":2,"minecraft:torch":2,"minecraft:granite":4,"minecraft:short_grass":6,"minecraft:decorated_pot":8,"minecraft:deepslate_gold_ore":6,"minecraft:sugar_cane":4,"minecraft:furnace":1,"minecraft:birch_log":10,"minecraft:birch_leaves":4,"minecraft:andesite":2,"minecraft:bookshelf":2,"minecraft:deepslate_iron_ore":10,"minecraft:oak_log":5,"minecraft:iron_bars":1,"minecraft:gravel":1,"minecraft:cracked_stone_bricks":1,"minecraft:stone":22,"minecraft:stone_bricks":9,"minecraft:gold_ore":2,"minecraft:mossy_stone_bricks":1,"minecraft:deepslate":4,"minecraft:oak_leaves":11},"minecraft:killed":{"minecraft:pig":1,"minecraft:creeper":1,"minecraft:sheep":4,"minecraft:skeleton":1,"minecraft:zombie":2,"minecraft:cow":2},"minecraft:used":{"minecraft:stone_sword":86,"minecraft:stone_pickaxe":1,"minecraft:wooden_pickaxe":18,"minecraft:chainmail_helmet":1,"minecraft:crafting_table":3,"minecraft:white_bed":1,"minecraft:wooden_axe":9,"minecraft:iron_axe":23,"minecraft:bread":3,"minecraft:iron_pickaxe":58,"minecraft:stone_bricks":6,"minecraft:stone_axe":1,"minecraft:cobblestone":2,"minecraft:furnace":2,"minecraft:cooked_porkchop":1},"minecraft:dropped":{"minecraft:enchanted_book":3,"minecraft:stone_axe":2,"minecraft:oak_log":2,"minecraft:cobbled_deepslate":1,"minecraft:stone_shovel":1,"minecraft:feather":1,"minecraft:cobblestone":2,"minecraft:rotten_flesh":2,"minecraft:granite":4,"minecraft:cracked_stone_bricks":1,"minecraft:red_bed":1,"minecraft:torch":2,"minecraft:andesite":2,"minecraft:wooden_axe":1,"minecraft:mossy_stone_bricks":1,"minecraft:oak_sapling":3,"minecraft:potion":1,"minecraft:iron_bars":1,"minecraft:stone_pickaxe":1,"minecraft:brick":16,"minecraft:redstone":10},"minecraft:killed_by":{"minecraft:player":2}},"DataVersion":3953}