{"stats":{"minecraft:crafted":{"minecraft:oak_planks":20,"minecraft:furnace":2,"minecraft:cooked_mutton":4,"minecraft:stone_pickaxe":1,"minecraft:wheat":27,"minecraft:diamond_sword":1,"minecraft:cooked_porkchop":1,"minecraft:crafting_table":4,"minecraft:wooden_pickaxe":1,"minecraft:birch_planks":40,"minecraft:stone_axe":1,"minecraft:bread":7,"minecraft:diamond_pickaxe":1,"minecraft:stick":24,"minecraft:wooden_axe":1,"minecraft:stone_sword":1,"minecraft:white_bed":1},"minecraft:picked_up":{"minecraft:wooden_axe":1,"minecraft:crafting_table":3,"minecraft:chicken":1,"minecraft:ladder":14,"minecraft:potion":1,"minecraft:enchanted_book":5,"minecraft:brick":48,"minecraft:red_bed":13,"minecraft:raw_copper":54,"minecraft:iron_axe":4,"minecraft:cracked_stone_bricks":3,"minecraft:cobbled_deepslate":106,"minecraft:beef":8,"minecraft:iron_pickaxe":7,"minecraft:sugar_cane":4,"minecraft:egg":1,"minecraft:furnace":1,"minecraft:stick":166,"minecraft:raw_iron":24,"minecraft:torch":6,"minecraft:porkchop":1,"minecraft:cherry_log":19,"minecraft:diorite":18,"minecraft:redstone":10,"minecraft:honey_bottle":4,"minecraft:stone_sword":4,"minecraft:arrow":2,"minecraft:rotten_flesh":5,"minecraft:hay_block":4,"minecraft:gold_ingot":3,"minecraft:mutton":24,"minecraft:iron_bars":2,"minecraft:cobblestone":39,"minecraft:white_wool":4,"minecraft:birch_log":10,"minecraft:feather":3,"minecraft:andesite":2,"minecraft:salmon":3,"minecraft:leather":1,"minecraft:smoker":1,"minecraft:birch_planks":53,"minecraft:flint":5,"minecraft:oak_log":14,"minecraft:gunpowder":6,"minecraft:dirt":26,"minecraft:name_tag":1,"minecraft:cooked_mutton":1,"minecraft:bone":7,"minecraft:apple":2,"minecraft:stone_bricks":6,"minecraft:raw_gold":32,"minecraft:iron_ingot":2,"minecraft:stone_pickaxe":1,"minecraft:mossy_stone_bricks":5,"minecraft:oak_planks":1,"minecraft:book":36,"minecraft:white_bed":4,"minecraft:diamond":24,"minecraft:stone_axe":3,"minecraft:granite":6,"minecraft:bread":14,"minecraft:chainmail_helmet":4,"minecraft:oak_sapling":4,"minecraft:baked_potato":2,"minecraft:coal":43,"minecraft:diamond_pickaxe":1},"minecraft:custom":{"minecraft:mob_kills":16,"minecraft:interact_with_crafting_table":12,"minecraft:time_since_death":17470,"minecraft:climb_one_cm":2520,"minecraft:sprint_one_cm":186915,"minecraft:walk_one_cm":190118,"minecraft:drop":40,"minecraft:play_time":78718,"minecraft:deaths":5,"minecraft:sneak_time":8,"minecraft:walk_under_water_one_cm":9812,"minecraft:jump":1487,"minecraft:walk_on_water_one_cm":13694,"minecraft:total_world_time":78718,"minecraft:interact_with_furnace":18,"minecraft:sleep_in_bed":6,"minecraft:time_since_rest":10102,"minecraft:damage_taken":2203,"minecraft:damage_dealt":4096,"minecraft:swim_one_cm":16979,"minecraft:fly_one_cm":213348,"minecraft:player_kills":5,"minecraft:open_chest":27,"minecraft:crouch_one_cm":108,"minecraft:fall_one_cm":45131,"minecraft:horse_one_cm":47081},"minecraft:broken":{"minecraft:stone_sword":1},"minecraft:mined":{"minecraft:white_bed":1,"minecraft:deepslate_diamond_ore":6,"minecraft:cherry_log":19,"minecraft:granite":4,"minecraft:grass_block":3,"minecraft:decorated_pot":8,"minecraft:hay_block":4,"minecraft:furnace":1,"minecraft:iron_ore":3,"minecraft:andesite":2,"minecraft:bookshelf":6,"minecraft:deepslate_iron_ore":11,"minecraft:iron_bars":1,"minecraft:stone":31,"minecraft:red_bed":6,"minecraft:powder_snow":4,"minecraft:crafting_table":2,"minecraft:torch":2,"minecraft:short_grass":7,"minecraft:tall_grass":1,"minecraft:deepslate_gold_ore":6,"minecraft:sugar_cane":4,"minecraft:oak_planks":1,"minecraft:birch_log":10,"minecraft:birch_leaves":4,"minecraft:oak_log":7,"minecraft:coal_ore":19,"minecraft:cherry_leaves":7,"minecraft:gravel":2,"minecraft:dirt":2,"minecraft:cracked_stone_bricks":1,"minecraft:stone_bricks":9,"minecraft:mossy_stone_bricks":3,"minecraft:gold_ore":2,"minecraft:oak_leaves":13,"minecraft:deepslate":12},"minecraft:killed":{"minecraft:skeleton":3,"minecraft:chicken":1,"minecraft:pig":1,"minecraft:creeper":1,"minecraft:sheep":4,"minecraft:zombie":3,"minecraft:cow":2},"minecraft:used":{"minecraft:stone_sword":100,"minecraft:torch":1,"minecraft:dirt":12,"minecraft:wooden_axe":9,"minecraft:iron_axe":86,"minecraft:stone_bricks":6,"minecraft:furnace":3,"minecraft:cooked_mutton":4,"minecraft:mossy_stone_bricks":3,"minecraft:stone_pickaxe":1,"minecraft:oak_planks":1,"minecraft:wooden_pickaxe":18,"minecraft:chainmail_helmet":1,"minecraft:cracked_stone_bricks":1,"minecraft:crafting_table":6,"minecraft:red_bed":3,"minecraft:white_bed":1,"minecraft:diamond_pickaxe":33,"minecraft:bread":13,"minecraft:iron_pickaxe":75,"minecraft:stone_axe":1,"minecraft:diamond_sword":16,"minecraft:cobblestone":6,"minecraft:cooked_porkchop":1},"minecraft:dropped":{"minecraft:enchanted_book":3,"minecraft:oak_log":2,"minecraft:feather":1,"minecraft:cobblestone":2,"minecraft:granite":4,"minecraft:cracked_stone_bricks":1,"minecraft:coal":19,"minecraft:red_bed":1,"minecraft:torch":2,"minecraft:wooden_axe":1,"minecraft:potion":1,"minecraft:redstone":10,"minecraft:stone_axe":2,"minecraft:cobbled_deepslate":1,"minecraft:stone_shovel":1,"minecraft:chicken":1,"minecraft:rotten_flesh":2,"minecraft:smoker":1,"minecraft:diamond_pickaxe":1,"minecraft:andesite":2,"minecraft:mossy_stone_bricks":1,"minecraft:oak_sapling":3,"minecraft:iron_bars":1,"minecraft:stone_pickaxe":1,"minecraft:brick":16},"minecraft:killed_by":{"minecraft:player":3}},"DataVersion":3953}