{"stats":{"minecraft:crafted":{"minecraft:oak_planks":20,"minecraft:furnace":2,"minecraft:bone_meal":3,"minecraft:cooked_mutton":4,"minecraft:stone_pickaxe":1,"minecraft:wheat":27,"minecraft:diamond_sword":1,"minecraft:cooked_porkchop":1,"minecraft:crafting_table":5,"minecraft:wooden_pickaxe":1,"minecraft:birch_planks":40,"minecraft:stone_axe":1,"minecraft:bread":7,"minecraft:diamond_pickaxe":1,"minecraft:stick":24,"minecraft:iron_ingot":2,"minecraft:wooden_axe":1,"minecraft:stone_sword":1,"minecraft:white_bed":1},"minecraft:broken":{"minecraft:stone_sword":1,"minecraft:shield":1},"minecraft:mined":{"minecraft:white_bed":1,"minecraft:deepslate_diamond_ore":6,"minecraft:cherry_log":19,"minecraft:granite":4,"minecraft:grass_block":4,"minecraft:decorated_pot":9,"minecraft:hay_block":7,"minecraft:tall_seagrass":2,"minecraft:furnace":1,"minecraft:carrots":1,"minecraft:iron_ore":9,"minecraft:andesite":2,"minecraft:bookshelf":6,"minecraft:deepslate_iron_ore":11,"minecraft:iron_bars":1,"minecraft:stone":34,"minecraft:red_bed":6,"minecraft:powder_snow":75,"minecraft:crafting_table":2,"minecraft:torch":2,"minecraft:short_grass":21,"minecraft:emerald_ore":1,"minecraft:tall_grass":1,"minecraft:deepslate_gold_ore":6,"minecraft:sugar_cane":5,"minecraft:oak_planks":1,"minecraft:birch_log":10,"minecraft:birch_leaves":4,"minecraft:oak_log":7,"minecraft:coal_ore":19,"minecraft:cherry_leaves":7,"minecraft:gravel":2,"minecraft:dirt":2,"minecraft:cracked_stone_bricks":1,"minecraft:stone_bricks":9,"minecraft:mossy_stone_bricks":3,"minecraft:gold_ore":2,"minecraft:oak_leaves":16,"minecraft:deepslate":12,"minecraft:fern":1},"minecraft:dropped":{"minecraft:enchanted_book":3,"minecraft:oak_log":12,"minecraft:decorated_pot":1,"minecraft:feather":1,"minecraft:cobblestone":2,"minecraft:leather":1,"minecraft:granite":4,"minecraft:cracked_stone_bricks":1,"minecraft:coal":19,"minecraft:red_bed":1,"minecraft:torch":2,"minecraft:wooden_axe":2,"minecraft:potion":1,"minecraft:iron_axe":1,"minecraft:iron_pickaxe":2,"minecraft:dark_oak_planks":1,"minecraft:redstone":10,"minecraft:stone_axe":2,"minecraft:cobbled_deepslate":1,"minecraft:stone_shovel":1,"minecraft:chicken":1,"minecraft:rotten_flesh":2,"minecraft:oak_planks":5,"minecraft:smoker":1,"minecraft:shield":1,"minecraft:spruce_planks":4,"minecraft:diamond_pickaxe":1,"minecraft:andesite":2,"minecraft:mossy_stone_bricks":1,"minecraft:oak_sapling":3,"minecraft:iron_bars":1,"minecraft:stone_pickaxe":1,"minecraft:brick":16},"minecraft:custom":{"minecraft:mob_kills":22,"minecraft:interact_with_crafting_table":18,"minecraft:open_barrel":1,"minecraft:leave_game":1,"minecraft:time_since_death":0,"minecraft:climb_one_cm":2520,"minecraft:sprint_one_cm":259500,"minecraft:walk_one_cm":285231,"minecraft:damage_blocked_by_shield":1285,"minecraft:drop":53,"minecraft:play_time":112885,"minecraft:sneak_time":10,"minecraft:deaths":14,"minecraft:walk_under_water_one_cm":31481,"minecraft:jump":2064,"minecraft:walk_on_water_one_cm":18586,"minecraft:total_world_time":112885,"minecraft:interact_with_furnace":23,"minecraft:sleep_in_bed":7,"minecraft:time_since_rest":131,"minecraft:damage_taken":5147,"minecraft:damage_dealt":6221,"minecraft:swim_one_cm":43699,"minecraft:fly_one_cm":308837,"minecraft:player_kills":6,"minecraft:open_chest":29,"minecraft:crouch_one_cm":152,"minecraft:fall_one_cm":65689,"minecraft:horse_one_cm":206851},"minecraft:killed":{"minecraft:spider":2,"minecraft:skeleton":3,"minecraft:chicken":1,"minecraft:pig":1,"minecraft:creeper":1,"minecraft:sheep":4,"minecraft:donkey":1,"minecraft:zombie":6,"minecraft:cow":2},"minecraft:picked_up":{"minecraft:wooden_axe":1,"minecraft:crafting_table":4,"minecraft:azure_bluet":10,"minecraft:chicken":1,"minecraft:ladder":14,"minecraft:diamond_sword":1,"minecraft:potion":1,"minecraft:enchanted_book":5,"minecraft:shield":3,"minecraft:brick":48,"minecraft:string":8,"minecraft:red_bed":14,"minecraft:iron_axe":4,"minecraft:raw_copper":54,"minecraft:cracked_stone_bricks":3,"minecraft:cobbled_deepslate":106,"minecraft:spruce_planks":4,"minecraft:beef":8,"minecraft:iron_pickaxe":8,"minecraft:sugar_cane":5,"minecraft:furnace":1,"minecraft:egg":1,"minecraft:stick":171,"minecraft:raw_iron":30,"minecraft:torch":6,"minecraft:porkchop":1,"minecraft:cherry_log":38,"minecraft:diorite":18,"minecraft:carrot":8,"minecraft:redstone":10,"minecraft:dark_oak_planks":2,"minecraft:stone_sword":5,"minecraft:arrow":23,"minecraft:honey_bottle":4,"minecraft:rotten_flesh":28,"minecraft:decorated_pot":3,"minecraft:hay_block":9,"minecraft:saddle":2,"minecraft:gold_ingot":3,"minecraft:mutton":24,"minecraft:iron_bars":2,"minecraft:white_wool":4,"minecraft:cobblestone":54,"minecraft:birch_log":10,"minecraft:leather_chestplate":2,"minecraft:feather":9,"minecraft:andesite":2,"minecraft:salmon":3,"minecraft:leather":4,"minecraft:smoker":1,"minecraft:birch_planks":53,"minecraft:flint":6,"minecraft:oak_log":30,"minecraft:gunpowder":8,"minecraft:dirt":57,"minecraft:name_tag":1,"minecraft:leather_boots":2,"minecraft:cooked_mutton":1,"minecraft:bone":12,"minecraft:apple":2,"minecraft:stone_bricks":6,"minecraft:bow":3,"minecraft:wheat_seeds":4,"minecraft:raw_gold":32,"minecraft:iron_ingot":2,"minecraft:stone_pickaxe":3,"minecraft:mossy_stone_bricks":5,"minecraft:oak_planks":7,"minecraft:book":48,"minecraft:sweet_berries":13,"minecraft:white_bed":4,"minecraft:spider_eye":2,"minecraft:leather_helmet":2,"minecraft:diamond":25,"minecraft:stone_axe":3,"minecraft:granite":6,"minecraft:emerald":2,"minecraft:bread":14,"minecraft:chainmail_helmet":6,"minecraft:oak_sapling":4,"minecraft:baked_potato":3,"minecraft:dark_oak_fence":5,"minecraft:coal":43,"minecraft:diamond_pickaxe":2},"minecraft:killed_by":{"minecraft:player":7,"minecraft:creeper":2,"minecraft:zombie":1},"minecraft:used":{"minecraft:stone_sword":100,"minecraft:decorated_pot":1,"minecraft:shield":92,"minecraft:torch":1,"minecraft:dirt":13,"minecraft:wooden_axe":9,"minecraft:iron_axe":86,"minecraft:stone_bricks":6,"minecraft:bow":1,"minecraft:furnace":3,"minecraft:cooked_mutton":4,"minecraft:mossy_stone_bricks":3,"minecraft:stone_pickaxe":6,"minecraft:oak_planks":5,"minecraft:leather_chestplate":1,"minecraft:wooden_pickaxe":18,"minecraft:chainmail_helmet":1,"minecraft:leather_boots":1,"minecraft:cracked_stone_bricks":1,"minecraft:crafting_table":6,"minecraft:red_bed":3,"minecraft:white_bed":1,"minecraft:diamond_pickaxe":51,"minecraft:bread":24,"minecraft:string":2,"minecraft:iron_pickaxe":75,"minecraft:leather_helmet":1,"minecraft:stone_axe":1,"minecraft:diamond_sword":118,"minecraft:cobblestone":6,"minecraft:cooked_porkchop":1,"minecraft:bone_meal":3}},"DataVersion":3953}