{"stats":{"minecraft:picked_up":{"minecraft:oak_log":4},"minecraft:mined":{"minecraft:oak_log":5,"minecraft:oak_leaves":3},"minecraft:custom":{"minecraft:jump":24,"minecraft:open_chest":1,"minecraft:time_since_rest":3687,"minecraft:damage_taken":15,"minecraft:crouch_one_cm":446,"minecraft:sprint_one_cm":2660,"minecraft:play_time":3687,"minecraft:time_since_death":3687,"minecraft:walk_one_cm":4103,"minecraft:sneak_time":309,"minecraft:total_world_time":3687,"minecraft:fall_one_cm":418,"minecraft:fly_one_cm":2174},"minecraft:crafted":{"minecraft:oak_planks":16}},"DataVersion":3953}