{"stats":{"minecraft:mined":{"minecraft:coarse_dirt":2,"minecraft:acacia_leaves":2,"minecraft:acacia_log":3,"minecraft:poppy":3,"minecraft:rose_bush":2,"minecraft:dirt":6,"biomesoplenty:orange_sand":3,"biomesoplenty:desert_grass":1,"biomesoplenty:dune_grass":1},"minecraft:custom":{"minecraft:time_since_rest":1283,"minecraft:crouch_one_cm":1303,"minecraft:deaths":6,"minecraft:sprint_one_cm":23272,"minecraft:play_time":15858,"minecraft:damage_taken":1780,"minecraft:walk_one_cm":5788,"minecraft:sneak_time":541,"minecraft:walk_under_water_one_cm":74,"minecraft:jump":238,"minecraft:damage_dealt":97,"minecraft:leave_game":3,"minecraft:time_since_death":1256,"minecraft:walk_on_water_one_cm":233,"minecraft:total_world_time":15858,"minecraft:swim_one_cm":368,"minecraft:fall_one_cm":9641,"minecraft:fly_one_cm":58632},"minecraft:killed_by":{"minecraft:player":1,"monsterplus:overgrown_skeleton":5},"minecraft:used":{"minecraft:glow_berries":1,"minecraft:dirt":6,"biomesoplenty:orange_sand":2,"minecraft:coarse_dirt":2},"minecraft:picked_up":{"minecraft:coarse_dirt":2,"minecraft:bone":2,"minecraft:acacia_log":1,"spore:mutated_fiber":4,"minecraft:poppy":3,"minecraft:dirt":6,"minecraft:glow_berries":1,"minecraft:acacia_sapling":1,"biomesoplenty:orange_sand":14}},"DataVersion":3465}