{"stats":{"minecraft:crafted":{"minecraft:oak_planks":288,"minecraft:barrel":3,"minecraft:cooked_mutton":3,"minecraft:bow":2,"minecraft:iron_boots":2,"minecraft:chest":2,"minecraft:oak_fence":138,"minecraft:smoker":1,"minecraft:oak_slab":30,"minecraft:arrow":4,"minecraft:emerald":3,"minecraft:cauldron":1,"minecraft:cooked_porkchop":4,"minecraft:crafting_table":7,"minecraft:jungle_boat":2,"minecraft:baked_potato":10,"minecraft:iron_helmet":1,"minecraft:iron_chestplate":2,"minecraft:wooden_hoe":1,"minecraft:diamond_pickaxe":1,"minecraft:shield":2,"minecraft:stick":186,"minecraft:iron_ingot":153,"minecraft:iron_pickaxe":4,"minecraft:gold_ingot":5,"minecraft:composter":2,"minecraft:shears":1,"minecraft:crimson_trapdoor":2,"minecraft:furnace":2,"minecraft:bone_meal":69,"minecraft:flint_and_steel":1,"minecraft:scaffolding":6,"minecraft:iron_axe":5,"minecraft:jungle_fence":15,"minecraft:golden_helmet":1,"minecraft:wheat":90,"minecraft:coal_block":2,"minecraft:crimson_planks":116,"minecraft:iron_sword":3,"minecraft:bucket":4,"minecraft:jungle_slab":6,"minecraft:bread":27,"minecraft:air":0,"minecraft:jungle_planks":92,"minecraft:oak_fence_gate":1,"minecraft:iron_shovel":1,"minecraft:iron_leggings":2,"minecraft:torch":108,"minecraft:diamond_chestplate":1},"minecraft:picked_up":{"minecraft:iron_chestplate":1,"minecraft:wheat":4,"minecraft:smithing_table":2,"minecraft:oak_stairs":10,"minecraft:brown_bed":3,"minecraft:enchanted_book":1,"minecraft:potion":1,"minecraft:string":14,"minecraft:raw_copper":37,"minecraft:armor_stand":2,"minecraft:gold_nugget":15,"minecraft:cobbled_deepslate":27,"minecraft:iron_pickaxe":2,"minecraft:melon_slice":215,"minecraft:furnace":2,"minecraft:stick":38,"minecraft:composter":19,"minecraft:oak_fence":64,"minecraft:torch":410,"minecraft:porkchop":2,"minecraft:rotten_flesh":43,"minecraft:obsidian":18,"minecraft:cod":1,"minecraft:cobblestone":165,"minecraft:birch_log":19,"minecraft:lilac":1,"minecraft:jungle_log":15,"minecraft:potato":11,"minecraft:smoker":1,"minecraft:flint":3,"minecraft:tuff":6,"minecraft:lantern":1,"minecraft:dirt":318,"minecraft:lapis_lazuli":14,"minecraft:bone":36,"minecraft:bow":6,"minecraft:wheat_seeds":19,"minecraft:raw_gold":8,"minecraft:bolt_armor_trim_smithing_template":1,"minecraft:bamboo":261,"minecraft:oak_planks":82,"minecraft:oak_pressure_plate":8,"minecraft:poisonous_potato":10,"minecraft:jungle_planks":34,"minecraft:sand":20,"minecraft:ink_sac":2,"minecraft:mossy_cobblestone":1,"minecraft:diamond":16,"minecraft:granite":3,"minecraft:bone_meal":9,"minecraft:bread":70,"minecraft:oak_sapling":65,"minecraft:netherrack":225,"minecraft:oak_leaves":82,"minecraft:cocoa_beans":10,"minecraft:crafting_table":5,"minecraft:crimson_trapdoor":3,"minecraft:cornflower":1,"minecraft:iron_axe":1,"minecraft:candle":3,"minecraft:light_gray_wool":1,"minecraft:chest":1,"minecraft:sugar_cane":4,"minecraft:birch_sapling":6,"minecraft:egg":16,"minecraft:raw_iron":161,"minecraft:sandstone":11,"minecraft:oak_door":4,"minecraft:cake":1,"minecraft:carrot":368,"minecraft:redstone":2,"minecraft:weeping_vines":8,"minecraft:arrow":61,"minecraft:peony":8,"minecraft:hay_block":118,"minecraft:mutton":4,"minecraft:white_wool":2,"minecraft:stripped_oak_log":20,"minecraft:jungle_boat":24,"minecraft:basalt":4,"minecraft:crimson_stem":30,"minecraft:salmon":6,"minecraft:red_mushroom":11,"minecraft:filled_map":2,"minecraft:oak_log":241,"minecraft:chainmail_chestplate":1,"minecraft:nether_wart_block":14,"minecraft:gunpowder":4,"minecraft:cooked_mutton":1,"minecraft:red_carpet":9,"minecraft:apple":9,"minecraft:kelp":40,"minecraft:iron_ingot":38,"minecraft:scaffolding":16,"minecraft:oak_slab":36,"minecraft:quartz":4,"minecraft:dandelion":1,"minecraft:gravel":65,"minecraft:blast_furnace":3,"minecraft:white_bed":6,"minecraft:spider_eye":1,"minecraft:slime_ball":16,"minecraft:baked_potato":3,"minecraft:coal":55,"minecraft:ender_pearl":1},"minecraft:custom":{"minecraft:interact_with_crafting_table":65,"minecraft:open_barrel":49,"minecraft:leave_game":10,"minecraft:time_since_death":476984,"minecraft:sprint_one_cm":1074847,"minecraft:damage_blocked_by_shield":3103,"minecraft:drop":84,"minecraft:talked_to_villager":79,"minecraft:play_time":476984,"minecraft:jump":6457,"minecraft:walk_on_water_one_cm":92916,"minecraft:interact_with_furnace":11,"minecraft:traded_with_villager":3,"minecraft:sleep_in_bed":12,"minecraft:damage_dealt":19743,"minecraft:crouch_one_cm":176150,"minecraft:interact_with_smoker":11,"minecraft:interact_with_smithing_table":3,"minecraft:mob_kills":109,"minecraft:fill_cauldron":1,"minecraft:interact_with_campfire":4,"minecraft:climb_one_cm":16282,"minecraft:walk_one_cm":1223771,"minecraft:damage_dealt_absorbed":80,"minecraft:sneak_time":52744,"minecraft:walk_under_water_one_cm":93384,"minecraft:boat_one_cm":2230889,"minecraft:interact_with_blast_furnace":30,"minecraft:total_world_time":476984,"minecraft:pot_flower":2,"minecraft:time_since_rest":120881,"minecraft:damage_taken":4014,"minecraft:swim_one_cm":145650,"minecraft:fly_one_cm":629548,"minecraft:open_chest":151,"minecraft:fall_one_cm":103308},"minecraft:broken":{"minecraft:iron_sword":2,"minecraft:iron_axe":2,"minecraft:iron_pickaxe":3},"minecraft:mined":{"minecraft:white_bed":6,"minecraft:oak_sapling":6,"minecraft:jungle_leaves":55,"minecraft:obsidian":18,"minecraft:granite":3,"minecraft:crimson_trapdoor":3,"minecraft:grass_block":197,"minecraft:jungle_log":14,"minecraft:composter":19,"minecraft:weeping_vines_plant":13,"minecraft:iron_ore":145,"minecraft:fire":9,"minecraft:brown_bed":3,"minecraft:oak_stairs":10,"minecraft:kelp_plant":9,"minecraft:smoker":1,"minecraft:torch":212,"minecraft:blast_furnace":3,"minecraft:melon":47,"minecraft:chest":1,"minecraft:mushroom_stem":4,"minecraft:nether_quartz_ore":4,"minecraft:cobblestone":41,"minecraft:sugar_cane":3,"minecraft:oak_planks":80,"minecraft:wall_torch":146,"minecraft:birch_log":18,"minecraft:nether_wart_block":14,"minecraft:lilac":1,"minecraft:oak_log":238,"minecraft:sand":17,"minecraft:dirt":34,"minecraft:red_mushroom_block":45,"minecraft:netherrack":243,"minecraft:oak_leaves":798,"minecraft:deepslate":20,"minecraft:nether_gold_ore":4,"minecraft:tuff":7,"minecraft:red_carpet":3,"minecraft:mossy_cobblestone":1,"minecraft:deepslate_diamond_ore":15,"minecraft:candle":1,"minecraft:oak_door":4,"minecraft:glow_lichen":1,"minecraft:jungle_planks":15,"minecraft:weeping_vines":2,"minecraft:sandstone":11,"minecraft:crimson_stem":32,"minecraft:hay_block":45,"minecraft:furnace":2,"minecraft:carrots":87,"minecraft:andesite":2,"minecraft:peony":5,"minecraft:potatoes":7,"minecraft:deepslate_iron_ore":10,"minecraft:vine":3,"minecraft:lantern":1,"minecraft:stripped_oak_log":20,"minecraft:bamboo":42,"minecraft:stone":108,"minecraft:white_wool":1,"minecraft:smithing_table":2,"minecraft:oak_slab":35,"minecraft:scaffolding":9,"minecraft:glass_pane":2,"minecraft:basalt":4,"minecraft:dandelion":1,"minecraft:oak_fence":68,"minecraft:crafting_table":4,"minecraft:cornflower":1,"minecraft:short_grass":134,"minecraft:tall_grass":7,"minecraft:copper_ore":6,"minecraft:lapis_ore":2,"minecraft:deepslate_gold_ore":5,"minecraft:diorite":3,"minecraft:birch_leaves":30,"minecraft:coal_ore":52,"minecraft:cocoa":4,"minecraft:gravel":56,"minecraft:cobweb":3,"minecraft:gold_ore":3,"minecraft:fern":5},"minecraft:killed":{"minecraft:spider":9,"minecraft:cod":1,"minecraft:skeleton":35,"minecraft:salmon":6,"minecraft:creeper":3,"minecraft:sheep":2,"minecraft:zombie":45,"minecraft:panda":1,"minecraft:drowned":1,"minecraft:enderman":2},"minecraft:used":{"minecraft:peony":4,"minecraft:iron_shovel":206,"minecraft:chest":3,"minecraft:shield":74,"minecraft:iron_sword":474,"minecraft:rotten_flesh":5,"minecraft:iron_chestplate":1,"minecraft:jungle_planks":15,"minecraft:carrot":192,"minecraft:tuff":2,"minecraft:weeping_vines":8,"minecraft:obsidian":13,"minecraft:jungle_sapling":4,"minecraft:lava_bucket":24,"minecraft:red_carpet":1,"minecraft:bow":16,"minecraft:hay_block":6,"minecraft:scaffolding":16,"minecraft:furnace":1,"minecraft:oak_sapling":68,"minecraft:potato":8,"minecraft:oak_planks":76,"minecraft:sandstone":11,"minecraft:composter":21,"minecraft:sugar_cane":1,"minecraft:jungle_boat":24,"minecraft:oak_leaves":82,"minecraft:sand":12,"minecraft:blast_furnace":3,"minecraft:shears":85,"minecraft:bread":51,"minecraft:melon_slice":32,"minecraft:gravel":41,"minecraft:nether_wart_block":4,"minecraft:smithing_table":1,"minecraft:birch_log":2,"minecraft:bone_meal":77,"minecraft:oak_fence":154,"minecraft:flint_and_steel":2,"minecraft:cooked_salmon":1,"minecraft:netherrack":147,"minecraft:oak_door":2,"minecraft:torch":477,"minecraft:dirt":257,"minecraft:wheat":9,"minecraft:salmon_bucket":8,"minecraft:oak_fence_gate":1,"minecraft:iron_axe":757,"minecraft:oak_stairs":4,"minecraft:iron_boots":1,"minecraft:crimson_planks":99,"minecraft:barrel":2,"minecraft:bamboo":13,"minecraft:basalt":4,"minecraft:iron_leggings":1,"minecraft:brown_bed":3,"minecraft:wheat_seeds":9,"minecraft:cooked_mutton":4,"minecraft:water_bucket":313,"minecraft:baked_potato":3,"minecraft:cauldron":1,"minecraft:mossy_cobblestone":1,"minecraft:oak_slab":29,"minecraft:crafting_table":11,"minecraft:crimson_trapdoor":5,"minecraft:white_bed":6,"minecraft:smoker":2,"minecraft:oak_log":19,"minecraft:wooden_hoe":26,"minecraft:diamond_pickaxe":25,"minecraft:cornflower":1,"minecraft:iron_pickaxe":809,"minecraft:cobblestone":76,"minecraft:bucket":348,"minecraft:stripped_oak_log":11,"minecraft:dandelion":1},"minecraft:dropped":{"minecraft:oak_pressure_plate":4,"minecraft:diamond":2,"minecraft:crafting_table":1,"minecraft:jungle_planks":27,"minecraft:red_carpet":1,"minecraft:flint":1,"minecraft:dirt":33,"minecraft:gold_nugget":7,"minecraft:sand":6,"minecraft:iron_pickaxe":2,"minecraft:armor_stand":1,"minecraft:bone":3,"minecraft:gravel":24,"minecraft:rotten_flesh":4,"minecraft:oak_planks":6,"minecraft:carrot":67,"minecraft:chainmail_chestplate":1,"minecraft:arrow":39,"minecraft:egg":4,"minecraft:iron_ingot":18,"minecraft:bread":70,"minecraft:oak_slab":1,"minecraft:wheat_seeds":7,"minecraft:poisonous_potato":10,"minecraft:iron_helmet":1,"minecraft:cobblestone":44,"minecraft:granite":2,"minecraft:stick":11,"minecraft:torch":2,"minecraft:melon_slice":1,"minecraft:jungle_boat":1,"minecraft:string":8,"minecraft:furnace":1,"minecraft:raw_copper":30,"minecraft:cocoa_beans":10,"minecraft:raw_iron":22,"minecraft:light_gray_wool":1,"minecraft:filled_map":1,"minecraft:hay_block":74,"minecraft:potato":5,"minecraft:iron_chestplate":1,"minecraft:bamboo":32}},"DataVersion":3953}