{"stats":{"minecraft:used":{"minecraft:melon_slice":11,"minecraft:iron_axe":48,"minecraft:iron_pickaxe":80,"minecraft:iron_sword":19,"minecraft:iron_boots":1,"minecraft:iron_chestplate":1,"minecraft:crafting_table":1,"minecraft:furnace":1},"minecraft:picked_up":{"minecraft:birch_log":7,"minecraft:cocoa_beans":3,"minecraft:stick":1,"minecraft:raw_iron":11,"minecraft:jungle_log":5,"minecraft:red_mushroom":11,"minecraft:oak_log":4,"minecraft:string":1,"minecraft:dirt":9,"minecraft:wheat_seeds":3,"minecraft:iron_ingot":20,"minecraft:light_gray_wool":1,"minecraft:bamboo":23,"minecraft:melon_slice":51,"minecraft:mutton":3,"minecraft:coal":12,"minecraft:white_wool":1,"minecraft:cobblestone":16},"minecraft:mined":{"minecraft:birch_log":7,"minecraft:jungle_leaves":35,"minecraft:short_grass":15,"minecraft:coal_ore":12,"minecraft:grass_block":3,"minecraft:oak_log":5,"minecraft:melon":11,"minecraft:cocoa":1,"minecraft:vine":1,"minecraft:jungle_log":5,"minecraft:dirt":6,"minecraft:mushroom_stem":4,"minecraft:bamboo":4,"minecraft:red_mushroom_block":45,"minecraft:stone":16,"minecraft:oak_leaves":6,"minecraft:fern":1},"minecraft:dropped":{"minecraft:raw_iron":22},"minecraft:custom":{"minecraft:time_since_rest":15687,"minecraft:interact_with_furnace":1,"minecraft:sprint_one_cm":34342,"minecraft:damage_taken":217,"minecraft:walk_one_cm":57850,"minecraft:mob_kills":3,"minecraft:drop":2,"minecraft:damage_dealt":329,"minecraft:interact_with_crafting_table":6,"minecraft:swim_one_cm":9630,"minecraft:fly_one_cm":23013,"minecraft:open_chest":1,"minecraft:crouch_one_cm":5296,"minecraft:play_time":15687,"minecraft:sneak_time":1575,"minecraft:walk_under_water_one_cm":8256,"minecraft:jump":244,"minecraft:interact_with_blast_furnace":3,"minecraft:time_since_death":15687,"minecraft:walk_on_water_one_cm":1426,"minecraft:climb_one_cm":3786,"minecraft:interact_with_smoker":5,"minecraft:total_world_time":15687,"minecraft:fall_one_cm":2306},"minecraft:killed":{"minecraft:sheep":2,"minecraft:spider":1},"minecraft:crafted":{"minecraft:oak_planks":16,"minecraft:iron_boots":1,"minecraft:iron_chestplate":1,"minecraft:shield":1,"minecraft:crafting_table":1,"minecraft:iron_axe":1,"minecraft:stick":8,"minecraft:iron_ingot":4,"minecraft:iron_pickaxe":1,"minecraft:iron_sword":1,"minecraft:furnace":1,"minecraft:bucket":1,"minecraft:air":0}},"DataVersion":3953}