{"stats":{"minecraft:used":{"minecraft:wooden_axe":18,"minecraft:crafting_table":1},"minecraft:mined":{"minecraft:grass":1,"minecraft:oak_log":19,"minecraft:crafting_table":1},"minecraft:crafted":{"minecraft:oak_planks":24,"minecraft:crafting_table":1,"minecraft:stick":4,"minecraft:wooden_axe":1},"minecraft:custom":{"minecraft:time_since_rest":3272,"minecraft:crouch_one_cm":182,"minecraft:play_time":3272,"minecraft:sprint_one_cm":3176,"minecraft:damage_taken":24,"minecraft:walk_one_cm":2643,"minecraft:sneak_time":92,"minecraft:jump":22,"minecraft:damage_dealt":206,"minecraft:leave_game":1,"minecraft:time_since_death":3272,"minecraft:total_world_time":3272,"minecraft:fall_one_cm":209,"minecraft:interact_with_crafting_table":1,"minecraft:fly_one_cm":3645,"minecraft:player_kills":1},"minecraft:picked_up":{"minecraft:crafting_table":1,"minecraft:stick":3,"croptopia:lemon":6,"minecraft:oak_log":8,"minecraft:oak_sapling":3}},"DataVersion":3465}