{"stats":{"minecraft:used":{"minecraft:cooked_mutton":3,"minecraft:shield":13,"minecraft:iron_sword":98,"minecraft:iron_chestplate":1,"minecraft:torch":10,"minecraft:dirt":9,"minecraft:crafting_table":3,"minecraft:iron_axe":126,"minecraft:melon_slice":30,"minecraft:iron_pickaxe":101,"minecraft:iron_boots":1,"minecraft:cobblestone":5,"minecraft:furnace":1,"minecraft:bucket":1},"minecraft:picked_up":{"minecraft:birch_log":7,"minecraft:cocoa_beans":10,"minecraft:crafting_table":1,"minecraft:salmon":3,"minecraft:jungle_log":15,"minecraft:smithing_table":1,"minecraft:red_mushroom":11,"minecraft:brown_bed":1,"minecraft:chainmail_chestplate":1,"minecraft:oak_log":4,"minecraft:dirt":41,"minecraft:string":9,"minecraft:raw_copper":30,"minecraft:armor_stand":2,"minecraft:bone":3,"minecraft:bow":1,"minecraft:wheat_seeds":7,"minecraft:iron_ingot":20,"minecraft:light_gray_wool":1,"minecraft:bamboo":101,"minecraft:melon_slice":215,"minecraft:furnace":1,"minecraft:raw_iron":11,"minecraft:stick":7,"minecraft:torch":8,"minecraft:sand":6,"minecraft:cake":1,"minecraft:blast_furnace":1,"minecraft:carrot":171,"minecraft:arrow":1,"minecraft:rotten_flesh":4,"minecraft:hay_block":76,"minecraft:mutton":3,"minecraft:coal":12,"minecraft:white_wool":2,"minecraft:cobblestone":41},"minecraft:mined":{"minecraft:smithing_table":1,"minecraft:jungle_leaves":55,"minecraft:blast_furnace":1,"minecraft:crafting_table":1,"minecraft:torch":5,"minecraft:short_grass":27,"minecraft:grass_block":3,"minecraft:melon":47,"minecraft:jungle_log":14,"minecraft:mushroom_stem":4,"minecraft:copper_ore":5,"minecraft:wall_torch":2,"minecraft:hay_block":39,"minecraft:furnace":1,"minecraft:carrots":46,"minecraft:birch_log":7,"minecraft:brown_bed":1,"minecraft:oak_log":5,"minecraft:coal_ore":12,"minecraft:cocoa":4,"minecraft:vine":3,"minecraft:sand":3,"minecraft:dirt":6,"minecraft:cobweb":2,"minecraft:bamboo":17,"minecraft:red_mushroom_block":45,"minecraft:stone":19,"minecraft:white_wool":1,"minecraft:oak_leaves":6,"minecraft:fern":5},"minecraft:dropped":{"minecraft:furnace":1,"minecraft:wheat_seeds":7,"minecraft:cocoa_beans":10,"minecraft:raw_copper":30,"minecraft:raw_iron":22,"minecraft:cobblestone":28,"minecraft:rotten_flesh":4,"minecraft:light_gray_wool":1,"minecraft:oak_planks":2,"minecraft:stick":9,"minecraft:dirt":32,"minecraft:hay_block":38,"minecraft:torch":2,"minecraft:melon_slice":1,"minecraft:bamboo":32,"minecraft:sand":6,"minecraft:arrow":1,"minecraft:armor_stand":1,"minecraft:bone":3},"minecraft:custom":{"minecraft:interact_with_smithing_table":1,"minecraft:interact_with_furnace":4,"minecraft:mob_kills":16,"minecraft:open_barrel":1,"minecraft:interact_with_crafting_table":9,"minecraft:time_since_death":39687,"minecraft:sleep_in_bed":1,"minecraft:climb_one_cm":6793,"minecraft:time_since_rest":16064,"minecraft:sprint_one_cm":123369,"minecraft:damage_taken":594,"minecraft:walk_one_cm":121367,"minecraft:damage_blocked_by_shield":360,"minecraft:drop":27,"minecraft:damage_dealt":2556,"minecraft:talked_to_villager":2,"minecraft:swim_one_cm":45772,"minecraft:fly_one_cm":117172,"minecraft:open_chest":19,"minecraft:crouch_one_cm":14045,"minecraft:play_time":39687,"minecraft:sneak_time":3191,"minecraft:walk_under_water_one_cm":15432,"minecraft:jump":691,"minecraft:interact_with_blast_furnace":5,"minecraft:walk_on_water_one_cm":4568,"minecraft:total_world_time":39687,"minecraft:interact_with_smoker":6,"minecraft:fall_one_cm":13151},"minecraft:killed":{"minecraft:salmon":3,"minecraft:spider":4,"minecraft:sheep":2,"minecraft:skeleton":5,"minecraft:zombie":2},"minecraft:crafted":{"minecraft:oak_planks":16,"minecraft:crafting_table":3,"minecraft:iron_sword":1,"minecraft:furnace":1,"minecraft:bucket":1,"minecraft:cooked_mutton":3,"minecraft:air":0,"minecraft:jungle_planks":8,"minecraft:scaffolding":6,"minecraft:iron_boots":1,"minecraft:iron_chestplate":1,"minecraft:shield":1,"minecraft:iron_axe":1,"minecraft:stick":8,"minecraft:iron_ingot":4,"minecraft:iron_pickaxe":1,"minecraft:torch":4}},"DataVersion":3953}