{"stats":{"minecraft:used":{"minecraft:cooked_mutton":3,"minecraft:shield":7,"minecraft:iron_sword":72,"minecraft:iron_chestplate":1,"minecraft:torch":10,"minecraft:dirt":9,"minecraft:crafting_table":3,"minecraft:iron_axe":82,"minecraft:melon_slice":21,"minecraft:iron_pickaxe":89,"minecraft:iron_boots":1,"minecraft:furnace":1,"minecraft:bucket":1},"minecraft:picked_up":{"minecraft:birch_log":7,"minecraft:cocoa_beans":10,"minecraft:crafting_table":1,"minecraft:salmon":3,"minecraft:jungle_log":15,"minecraft:red_mushroom":11,"minecraft:brown_bed":1,"minecraft:chainmail_chestplate":1,"minecraft:oak_log":4,"minecraft:dirt":41,"minecraft:string":3,"minecraft:raw_copper":30,"minecraft:armor_stand":1,"minecraft:bone":2,"minecraft:wheat_seeds":7,"minecraft:iron_ingot":20,"minecraft:light_gray_wool":1,"minecraft:bamboo":101,"minecraft:melon_slice":91,"minecraft:furnace":1,"minecraft:raw_iron":11,"minecraft:stick":7,"minecraft:torch":8,"minecraft:sand":3,"minecraft:carrot":85,"minecraft:rotten_flesh":4,"minecraft:mutton":3,"minecraft:coal":12,"minecraft:white_wool":2,"minecraft:cobblestone":41},"minecraft:mined":{"minecraft:jungle_leaves":55,"minecraft:crafting_table":1,"minecraft:torch":5,"minecraft:short_grass":27,"minecraft:grass_block":3,"minecraft:melon":20,"minecraft:jungle_log":14,"minecraft:mushroom_stem":4,"minecraft:copper_ore":5,"minecraft:wall_torch":2,"minecraft:furnace":1,"minecraft:carrots":23,"minecraft:birch_log":7,"minecraft:brown_bed":1,"minecraft:oak_log":5,"minecraft:coal_ore":12,"minecraft:cocoa":4,"minecraft:vine":3,"minecraft:sand":3,"minecraft:dirt":6,"minecraft:bamboo":17,"minecraft:red_mushroom_block":45,"minecraft:stone":19,"minecraft:white_wool":1,"minecraft:oak_leaves":6,"minecraft:fern":5},"minecraft:dropped":{"minecraft:wheat_seeds":7,"minecraft:cocoa_beans":10,"minecraft:raw_copper":15,"minecraft:raw_iron":22,"minecraft:cobblestone":22,"minecraft:rotten_flesh":2,"minecraft:light_gray_wool":1,"minecraft:oak_planks":2,"minecraft:stick":9,"minecraft:dirt":32,"minecraft:bamboo":32,"minecraft:sand":3},"minecraft:custom":{"minecraft:interact_with_smithing_table":1,"minecraft:interact_with_furnace":3,"minecraft:mob_kills":12,"minecraft:interact_with_crafting_table":9,"minecraft:time_since_death":27687,"minecraft:sleep_in_bed":1,"minecraft:climb_one_cm":6386,"minecraft:time_since_rest":4064,"minecraft:sprint_one_cm":68538,"minecraft:damage_taken":542,"minecraft:walk_one_cm":87860,"minecraft:damage_blocked_by_shield":155,"minecraft:drop":15,"minecraft:damage_dealt":1895,"minecraft:swim_one_cm":14360,"minecraft:fly_one_cm":61467,"minecraft:open_chest":11,"minecraft:crouch_one_cm":8475,"minecraft:play_time":27687,"minecraft:sneak_time":2211,"minecraft:walk_under_water_one_cm":10732,"minecraft:jump":474,"minecraft:interact_with_blast_furnace":3,"minecraft:walk_on_water_one_cm":3800,"minecraft:total_world_time":27687,"minecraft:interact_with_smoker":5,"minecraft:fall_one_cm":9178},"minecraft:killed":{"minecraft:salmon":3,"minecraft:spider":2,"minecraft:sheep":2,"minecraft:skeleton":3,"minecraft:zombie":2},"minecraft:crafted":{"minecraft:oak_planks":16,"minecraft:crafting_table":2,"minecraft:iron_sword":1,"minecraft:furnace":1,"minecraft:bucket":1,"minecraft:cooked_mutton":3,"minecraft:air":0,"minecraft:jungle_planks":4,"minecraft:scaffolding":6,"minecraft:iron_boots":1,"minecraft:iron_chestplate":1,"minecraft:shield":1,"minecraft:iron_axe":1,"minecraft:stick":8,"minecraft:iron_ingot":4,"minecraft:iron_pickaxe":1,"minecraft:torch":4}},"DataVersion":3953}