{"stats":{"minecraft:broken":{"minecraft:iron_axe":2,"minecraft:iron_sword":1},"minecraft:dropped":{"minecraft:oak_slab":1,"minecraft:wheat_seeds":7,"minecraft:oak_pressure_plate":4,"minecraft:cobblestone":28,"minecraft:jungle_planks":26,"minecraft:red_carpet":1,"minecraft:stick":11,"minecraft:dirt":33,"minecraft:torch":2,"minecraft:melon_slice":1,"minecraft:sand":6,"minecraft:jungle_boat":1,"minecraft:string":8,"minecraft:bone":3,"minecraft:armor_stand":1,"minecraft:furnace":1,"minecraft:cocoa_beans":10,"minecraft:raw_copper":30,"minecraft:raw_iron":22,"minecraft:rotten_flesh":4,"minecraft:light_gray_wool":1,"minecraft:oak_planks":2,"minecraft:carrot":67,"minecraft:chainmail_chestplate":1,"minecraft:hay_block":74,"minecraft:bamboo":32,"minecraft:arrow":3,"minecraft:egg":4},"minecraft:crafted":{"minecraft:oak_planks":264,"minecraft:barrel":3,"minecraft:furnace":1,"minecraft:bone_meal":60,"minecraft:cooked_mutton":3,"minecraft:scaffolding":6,"minecraft:bow":2,"minecraft:iron_boots":1,"minecraft:iron_axe":3,"minecraft:jungle_fence":15,"minecraft:oak_fence":138,"minecraft:wheat":9,"minecraft:oak_slab":30,"minecraft:crafting_table":5,"minecraft:jungle_boat":2,"minecraft:iron_sword":1,"minecraft:bucket":1,"minecraft:jungle_slab":6,"minecraft:air":0,"minecraft:jungle_planks":92,"minecraft:oak_fence_gate":1,"minecraft:wooden_hoe":1,"minecraft:iron_chestplate":1,"minecraft:shield":1,"minecraft:stick":166,"minecraft:iron_ingot":4,"minecraft:iron_pickaxe":1,"minecraft:iron_shovel":1,"minecraft:composter":2,"minecraft:torch":8,"minecraft:shears":1},"minecraft:picked_up":{"minecraft:cocoa_beans":10,"minecraft:crafting_table":3,"minecraft:wheat":4,"minecraft:smithing_table":2,"minecraft:brown_bed":3,"minecraft:oak_stairs":10,"minecraft:enchanted_book":1,"minecraft:cornflower":1,"minecraft:string":13,"minecraft:raw_copper":30,"minecraft:armor_stand":2,"minecraft:candle":3,"minecraft:light_gray_wool":1,"minecraft:melon_slice":215,"minecraft:sugar_cane":3,"minecraft:chest":1,"minecraft:birch_sapling":6,"minecraft:furnace":2,"minecraft:egg":13,"minecraft:stick":38,"minecraft:raw_iron":11,"minecraft:oak_door":4,"minecraft:composter":19,"minecraft:oak_fence":61,"minecraft:torch":10,"minecraft:cake":1,"minecraft:carrot":298,"minecraft:arrow":12,"minecraft:rotten_flesh":22,"minecraft:peony":8,"minecraft:hay_block":118,"minecraft:mutton":4,"minecraft:cobblestone":62,"minecraft:cod":1,"minecraft:white_wool":2,"minecraft:birch_log":19,"minecraft:stripped_oak_log":20,"minecraft:jungle_boat":13,"minecraft:lilac":1,"minecraft:salmon":6,"minecraft:jungle_log":15,"minecraft:red_mushroom":11,"minecraft:oak_log":233,"minecraft:chainmail_chestplate":1,"minecraft:lantern":1,"minecraft:dirt":312,"minecraft:cooked_mutton":1,"minecraft:bone":23,"minecraft:red_carpet":9,"minecraft:apple":9,"minecraft:kelp":40,"minecraft:bow":4,"minecraft:wheat_seeds":19,"minecraft:iron_ingot":20,"minecraft:bamboo":237,"minecraft:oak_planks":64,"minecraft:scaffolding":10,"minecraft:oak_slab":36,"minecraft:dandelion":1,"minecraft:oak_pressure_plate":8,"minecraft:jungle_planks":34,"minecraft:sand":8,"minecraft:blast_furnace":2,"minecraft:ink_sac":2,"minecraft:white_bed":6,"minecraft:spider_eye":1,"minecraft:mossy_cobblestone":1,"minecraft:slime_ball":14,"minecraft:bone_meal":9,"minecraft:oak_sapling":65,"minecraft:oak_leaves":82,"minecraft:coal":14},"minecraft:killed":{"minecraft:spider":8,"minecraft:cod":1,"minecraft:skeleton":23,"minecraft:panda":1,"minecraft:salmon":6,"minecraft:creeper":1,"minecraft:sheep":2,"minecraft:zombie":16,"minecraft:enderman":1},"minecraft:custom":{"minecraft:interact_with_smithing_table":3,"minecraft:mob_kills":60,"minecraft:interact_with_crafting_table":35,"minecraft:open_barrel":26,"minecraft:interact_with_campfire":1,"minecraft:leave_game":4,"minecraft:time_since_death":277388,"minecraft:climb_one_cm":11945,"minecraft:sprint_one_cm":672980,"minecraft:walk_one_cm":812232,"minecraft:damage_blocked_by_shield":1132,"minecraft:drop":45,"minecraft:damage_dealt_absorbed":80,"minecraft:talked_to_villager":69,"minecraft:play_time":277388,"minecraft:sneak_time":28643,"minecraft:walk_under_water_one_cm":26643,"minecraft:boat_one_cm":1697338,"minecraft:jump":3235,"minecraft:interact_with_blast_furnace":5,"minecraft:walk_on_water_one_cm":42753,"minecraft:total_world_time":277388,"minecraft:interact_with_furnace":10,"minecraft:pot_flower":1,"minecraft:sleep_in_bed":9,"minecraft:time_since_rest":10215,"minecraft:damage_taken":2051,"minecraft:damage_dealt":10705,"minecraft:swim_one_cm":84420,"minecraft:fly_one_cm":404431,"minecraft:open_chest":77,"minecraft:crouch_one_cm":113140,"minecraft:interact_with_smoker":6,"minecraft:fall_one_cm":57240},"minecraft:used":{"minecraft:oak_fence":151,"minecraft:peony":4,"minecraft:iron_shovel":206,"minecraft:shield":38,"minecraft:iron_sword":204,"minecraft:cooked_salmon":1,"minecraft:rotten_flesh":5,"minecraft:iron_chestplate":1,"minecraft:oak_door":2,"minecraft:torch":16,"minecraft:dirt":255,"minecraft:wheat":9,"minecraft:jungle_planks":15,"minecraft:carrot":161,"minecraft:salmon_bucket":8,"minecraft:oak_fence_gate":1,"minecraft:jungle_sapling":4,"minecraft:iron_axe":701,"minecraft:oak_stairs":4,"minecraft:iron_boots":1,"minecraft:barrel":2,"minecraft:bamboo":13,"minecraft:scaffolding":10,"minecraft:red_carpet":1,"minecraft:bow":6,"minecraft:hay_block":6,"minecraft:oak_sapling":68,"minecraft:furnace":1,"minecraft:potato":5,"minecraft:brown_bed":3,"minecraft:wheat_seeds":9,"minecraft:cooked_mutton":4,"minecraft:water_bucket":8,"minecraft:oak_planks":60,"minecraft:composter":21,"minecraft:sugar_cane":1,"minecraft:jungle_boat":13,"minecraft:oak_leaves":63,"minecraft:mossy_cobblestone":1,"minecraft:oak_slab":29,"minecraft:crafting_table":7,"minecraft:blast_furnace":1,"minecraft:white_bed":6,"minecraft:shears":85,"minecraft:oak_log":14,"minecraft:wooden_hoe":26,"minecraft:cornflower":1,"minecraft:melon_slice":32,"minecraft:bread":14,"minecraft:iron_pickaxe":146,"minecraft:cobblestone":10,"minecraft:smithing_table":1,"minecraft:bucket":17,"minecraft:birch_log":2,"minecraft:stripped_oak_log":11,"minecraft:dandelion":1,"minecraft:bone_meal":66},"minecraft:mined":{"minecraft:red_carpet":3,"minecraft:white_bed":6,"minecraft:oak_sapling":6,"minecraft:mossy_cobblestone":1,"minecraft:candle":1,"minecraft:oak_door":4,"minecraft:jungle_leaves":55,"minecraft:grass_block":194,"minecraft:jungle_planks":15,"minecraft:jungle_log":14,"minecraft:composter":19,"minecraft:hay_block":45,"minecraft:furnace":2,"minecraft:carrots":69,"minecraft:peony":5,"minecraft:brown_bed":3,"minecraft:potatoes":1,"minecraft:vine":3,"minecraft:oak_stairs":10,"minecraft:lantern":1,"minecraft:stripped_oak_log":20,"minecraft:bamboo":35,"minecraft:stone":19,"minecraft:white_wool":1,"minecraft:smithing_table":2,"minecraft:oak_slab":35,"minecraft:scaffolding":4,"minecraft:glass_pane":2,"minecraft:kelp_plant":9,"minecraft:dandelion":1,"minecraft:oak_fence":65,"minecraft:crafting_table":3,"minecraft:cornflower":1,"minecraft:torch":6,"minecraft:short_grass":133,"minecraft:blast_furnace":2,"minecraft:melon":47,"minecraft:chest":1,"minecraft:mushroom_stem":4,"minecraft:tall_grass":7,"minecraft:copper_ore":5,"minecraft:cobblestone":21,"minecraft:sugar_cane":2,"minecraft:oak_planks":66,"minecraft:wall_torch":3,"minecraft:birch_log":18,"minecraft:lilac":1,"minecraft:birch_leaves":30,"minecraft:oak_log":232,"minecraft:coal_ore":12,"minecraft:cocoa":4,"minecraft:sand":5,"minecraft:dirt":34,"minecraft:cobweb":3,"minecraft:red_mushroom_block":45,"minecraft:oak_leaves":798,"minecraft:fern":5}},"DataVersion":3953}