{"stats":{"minecraft:broken":{"minecraft:wooden_sword":1,"minecraft:wooden_axe":1,"minecraft:stone_shovel":4},"minecraft:mined":{"minecraft:spruce_planks":4,"minecraft:candle":4,"minecraft:short_grass":3,"minecraft:grass_block":43,"minecraft:cobblestone":49,"minecraft:spruce_leaves":7,"minecraft:oak_planks":1,"minecraft:wall_torch":2,"minecraft:birch_planks":11,"minecraft:birch_log":158,"minecraft:sweet_berry_bush":3,"minecraft:spruce_log":12,"minecraft:birch_leaves":53,"minecraft:andesite":2,"minecraft:stone_brick_stairs":8,"minecraft:oak_log":17,"minecraft:sand":815,"minecraft:dirt":14,"minecraft:cracked_stone_bricks":10,"minecraft:stone_bricks":10,"minecraft:polished_andesite":8,"minecraft:stone":105,"minecraft:mossy_stone_bricks":4,"minecraft:oak_leaves":15},"minecraft:killed_by":{"minecraft:zombie":2,"minecraft:enderman":3},"minecraft:used":{"minecraft:mossy_stone_bricks":4,"minecraft:stone_sword":43,"minecraft:spruce_door":3,"minecraft:birch_planks":545,"minecraft:polished_andesite":1,"minecraft:stone_shovel":524,"minecraft:stone_pickaxe":159,"minecraft:oak_planks":1,"minecraft:chest":2,"minecraft:spruce_planks":18,"minecraft:wooden_pickaxe":56,"minecraft:wooden_shovel":32,"minecraft:cracked_stone_bricks":7,"minecraft:torch":21,"minecraft:dirt":3,"minecraft:sand":35,"minecraft:crafting_table":4,"minecraft:white_bed":4,"minecraft:wooden_axe":87,"minecraft:bread":5,"minecraft:leather_helmet":4,"minecraft:wooden_sword":24,"minecraft:stone_brick_stairs":5,"minecraft:stone_bricks":4,"minecraft:cobblestone":109,"minecraft:stone_axe":67,"minecraft:sweet_berries":11,"minecraft:furnace":2,"minecraft:candle":8},"minecraft:custom":{"minecraft:interact_with_furnace":3,"minecraft:mob_kills":10,"minecraft:interact_with_crafting_table":21,"minecraft:leave_game":2,"minecraft:time_since_death":51856,"minecraft:sleep_in_bed":3,"minecraft:time_since_rest":51884,"minecraft:sprint_one_cm":67981,"minecraft:damage_taken":1765,"minecraft:walk_one_cm":398187,"minecraft:drop":23,"minecraft:damage_dealt":1765,"minecraft:player_kills":3,"minecraft:fly_one_cm":25603,"minecraft:open_chest":5,"minecraft:crouch_one_cm":1888,"minecraft:play_time":190653,"minecraft:sneak_time":835,"minecraft:deaths":5,"minecraft:walk_under_water_one_cm":1580,"minecraft:boat_one_cm":211247,"minecraft:jump":486,"minecraft:walk_on_water_one_cm":4732,"minecraft:total_world_time":190653,"minecraft:fall_one_cm":9363},"minecraft:crafted":{"minecraft:oak_planks":36,"minecraft:wooden_shovel":1,"minecraft:stone_shovel":4,"minecraft:crafting_table":4,"minecraft:spruce_planks":48,"minecraft:wooden_pickaxe":2,"minecraft:spruce_door":3,"minecraft:furnace":2,"minecraft:birch_planks":648,"minecraft:stone_axe":1,"minecraft:stone_brick_stairs":4,"minecraft:stick":24,"minecraft:stone_pickaxe":1,"minecraft:wooden_axe":2,"minecraft:stone_sword":1,"minecraft:chest":2,"minecraft:white_bed":4},"minecraft:dropped":{"minecraft:stone_axe":1,"minecraft:candle":1,"minecraft:sweet_berries":1,"minecraft:stone_sword":1,"minecraft:stone_shovel":1,"minecraft:cobblestone":2,"minecraft:leather":3,"minecraft:leather_helmet":2,"minecraft:torch":1,"minecraft:chest":1,"minecraft:leather_leggings":1,"minecraft:sand":207,"minecraft:stone_pickaxe":1,"minecraft:beef":2,"minecraft:string":1,"minecraft:stone_brick_stairs":1,"minecraft:bone":1},"minecraft:picked_up":{"minecraft:birch_log":162,"minecraft:leather_chestplate":1,"minecraft:andesite":4,"minecraft:leather_leggings":3,"minecraft:leather":6,"minecraft:wooden_pickaxe":2,"minecraft:birch_planks":132,"minecraft:stone_brick_stairs":11,"minecraft:oak_log":20,"minecraft:gunpowder":6,"minecraft:string":2,"minecraft:dirt":89,"minecraft:wooden_sword":2,"minecraft:bone":2,"minecraft:stone_bricks":11,"minecraft:cracked_stone_bricks":10,"minecraft:wheat_seeds":2,"minecraft:candle":9,"minecraft:spruce_planks":5,"minecraft:iron_ingot":2,"minecraft:beef":6,"minecraft:stone_pickaxe":4,"minecraft:oak_boat":1,"minecraft:mossy_stone_bricks":6,"minecraft:birch_sapling":12,"minecraft:chest":2,"minecraft:arms_up_pottery_sherd":1,"minecraft:oak_planks":16,"minecraft:stick":13,"minecraft:sweet_berries":12,"minecraft:torch":8,"minecraft:sand":623,"minecraft:white_bed":2,"minecraft:spruce_log":12,"minecraft:spider_eye":2,"minecraft:leather_helmet":2,"minecraft:polished_andesite":12,"minecraft:stone_sword":1,"minecraft:arrow":2,"minecraft:stone_shovel":1,"minecraft:rotten_flesh":6,"minecraft:stone_axe":1,"minecraft:bread":10,"minecraft:emerald":4,"minecraft:oak_sapling":1,"minecraft:black_wool":2,"minecraft:mutton":10,"minecraft:white_wool":6,"minecraft:cobblestone":165},"minecraft:killed":{"minecraft:creeper":3,"minecraft:sheep":3,"minecraft:zombie":1,"minecraft:enderman":1,"minecraft:cow":2}},"DataVersion":3953}