{"stats":{"minecraft:dropped":{"minecraft:candle":1,"minecraft:sweet_berries":1,"minecraft:leather_helmet":1,"minecraft:torch":1,"minecraft:stone_brick_stairs":1},"minecraft:crafted":{"minecraft:oak_planks":36,"minecraft:wooden_shovel":1,"minecraft:crafting_table":4,"minecraft:spruce_planks":48,"minecraft:wooden_pickaxe":2,"minecraft:spruce_door":3,"minecraft:birch_planks":220,"minecraft:stone_brick_stairs":4,"minecraft:stick":20,"minecraft:stone_pickaxe":1,"minecraft:wooden_axe":1,"minecraft:stone_sword":1,"minecraft:white_bed":2},"minecraft:picked_up":{"minecraft:birch_log":62,"minecraft:andesite":2,"minecraft:leather":1,"minecraft:birch_planks":8,"minecraft:stone_brick_stairs":4,"minecraft:oak_log":20,"minecraft:dirt":78,"minecraft:stone_bricks":10,"minecraft:cracked_stone_bricks":7,"minecraft:wheat_seeds":2,"minecraft:candle":9,"minecraft:spruce_planks":2,"minecraft:beef":1,"minecraft:mossy_stone_bricks":3,"minecraft:arms_up_pottery_sherd":1,"minecraft:birch_sapling":5,"minecraft:oak_planks":1,"minecraft:stick":4,"minecraft:sweet_berries":12,"minecraft:torch":3,"minecraft:sand":6,"minecraft:spruce_log":12,"minecraft:leather_helmet":1,"minecraft:polished_andesite":6,"minecraft:oak_sapling":1,"minecraft:black_wool":1,"minecraft:mutton":5,"minecraft:white_wool":2,"minecraft:cobblestone":112},"minecraft:killed":{"minecraft:sheep":3,"minecraft:cow":1},"minecraft:custom":{"minecraft:mob_kills":4,"minecraft:interact_with_crafting_table":12,"minecraft:leave_game":1,"minecraft:time_since_death":94922,"minecraft:sleep_in_bed":3,"minecraft:time_since_rest":18672,"minecraft:sprint_one_cm":23622,"minecraft:damage_taken":639,"minecraft:walk_one_cm":176778,"minecraft:drop":5,"minecraft:damage_dealt":588,"minecraft:fly_one_cm":7301,"minecraft:player_kills":1,"minecraft:open_chest":3,"minecraft:crouch_one_cm":528,"minecraft:play_time":114372,"minecraft:deaths":2,"minecraft:sneak_time":314,"minecraft:walk_under_water_one_cm":1235,"minecraft:boat_one_cm":211247,"minecraft:jump":243,"minecraft:walk_on_water_one_cm":2913,"minecraft:total_world_time":114372,"minecraft:fall_one_cm":5456},"minecraft:killed_by":{"minecraft:zombie":2},"minecraft:used":{"minecraft:mossy_stone_bricks":1,"minecraft:stone_sword":12,"minecraft:spruce_door":3,"minecraft:birch_planks":197,"minecraft:stone_pickaxe":109,"minecraft:oak_planks":1,"minecraft:spruce_planks":18,"minecraft:wooden_pickaxe":56,"minecraft:wooden_shovel":32,"minecraft:cracked_stone_bricks":7,"minecraft:torch":16,"minecraft:dirt":3,"minecraft:crafting_table":4,"minecraft:white_bed":2,"minecraft:wooden_axe":28,"minecraft:leather_helmet":4,"minecraft:stone_brick_stairs":5,"minecraft:stone_bricks":3,"minecraft:cobblestone":104,"minecraft:sweet_berries":10,"minecraft:candle":8},"minecraft:mined":{"minecraft:spruce_planks":2,"minecraft:candle":4,"minecraft:short_grass":3,"minecraft:grass_block":43,"minecraft:cobblestone":8,"minecraft:spruce_leaves":7,"minecraft:oak_planks":1,"minecraft:wall_torch":2,"minecraft:birch_planks":5,"minecraft:birch_log":58,"minecraft:sweet_berry_bush":3,"minecraft:spruce_log":12,"minecraft:birch_leaves":34,"minecraft:andesite":2,"minecraft:stone_brick_stairs":3,"minecraft:oak_log":17,"minecraft:sand":16,"minecraft:dirt":14,"minecraft:cracked_stone_bricks":7,"minecraft:stone_bricks":10,"minecraft:stone":105,"minecraft:polished_andesite":8,"minecraft:mossy_stone_bricks":3,"minecraft:oak_leaves":15}},"DataVersion":3953}