{"stats":{"minecraft:used":{"minecraft:spruce_planks":1,"minecraft:shield":15,"minecraft:iron_sword":96,"minecraft:trial_key":1,"minecraft:white_wool":1,"minecraft:torch":1,"minecraft:dirt":3,"minecraft:mutton":1,"minecraft:crafting_table":1,"minecraft:carrot":5,"minecraft:white_bed":1,"minecraft:iron_axe":80,"minecraft:melon_slice":33,"minecraft:birch_sapling":1,"minecraft:experience_bottle":13},"minecraft:picked_up":{"minecraft:cocoa_beans":6,"minecraft:golden_carrot":8,"minecraft:salmon":1,"minecraft:leather":3,"minecraft:enchanted_book":1,"minecraft:oak_log":2,"minecraft:dirt":6,"minecraft:string":8,"minecraft:experience_bottle":13,"minecraft:bone":3,"minecraft:bow":1,"minecraft:wheat_seeds":5,"minecraft:trial_key":1,"minecraft:iron_ingot":25,"minecraft:beef":6,"minecraft:bolt_armor_trim_smithing_template":1,"minecraft:iron_pickaxe":1,"minecraft:bamboo":123,"minecraft:melon_slice":208,"minecraft:birch_sapling":1,"minecraft:iron_sword":1,"minecraft:furnace":1,"minecraft:stick":2,"minecraft:raw_iron":11,"minecraft:torch":1,"minecraft:porkchop":6,"minecraft:cake":1,"minecraft:white_bed":1,"minecraft:carrot":8,"minecraft:spider_eye":5,"minecraft:arrow":3,"minecraft:rotten_flesh":8,"minecraft:pumpkin_pie":11,"minecraft:chainmail_helmet":1,"minecraft:mutton":9,"minecraft:white_wool":7},"minecraft:mined":{"minecraft:white_bed":1,"minecraft:torch":1,"minecraft:short_grass":14,"minecraft:grass_block":1,"minecraft:melon":42,"minecraft:dead_bush":1,"minecraft:tall_grass":4,"minecraft:birch_leaves":1,"minecraft:oak_log":2,"minecraft:cocoa":3,"minecraft:dirt":2,"minecraft:cobweb":1,"minecraft:bamboo":16,"minecraft:oak_leaves":2,"minecraft:fern":7},"minecraft:dropped":{"minecraft:iron_sword":1,"minecraft:carrot":2,"minecraft:leather_helmet":1,"minecraft:dirt":3,"minecraft:spider_eye":5,"minecraft:bamboo":123},"minecraft:custom":{"minecraft:mob_kills":28,"minecraft:interact_with_crafting_table":11,"minecraft:time_since_death":44552,"minecraft:sleep_in_bed":2,"minecraft:climb_one_cm":2997,"minecraft:time_since_rest":12254,"minecraft:sprint_one_cm":123794,"minecraft:damage_taken":564,"minecraft:walk_one_cm":147629,"minecraft:damage_blocked_by_shield":315,"minecraft:drop":8,"minecraft:damage_dealt":3721,"minecraft:swim_one_cm":3110,"minecraft:fly_one_cm":136822,"minecraft:open_chest":7,"minecraft:crouch_one_cm":232,"minecraft:play_time":44552,"minecraft:sneak_time":253,"minecraft:walk_under_water_one_cm":26713,"minecraft:jump":733,"minecraft:interact_with_blast_furnace":6,"minecraft:walk_on_water_one_cm":1077,"minecraft:interact_with_smoker":2,"minecraft:total_world_time":44552,"minecraft:fall_one_cm":20196},"minecraft:killed":{"minecraft:pig":2,"minecraft:salmon":1,"minecraft:spider":5,"minecraft:creeper":1,"minecraft:skeleton":3,"minecraft:sheep":7,"minecraft:zombie":6,"minecraft:cow":3},"minecraft:crafted":{"minecraft:oak_planks":8,"minecraft:crafting_table":1,"minecraft:iron_sword":1,"minecraft:air":0,"minecraft:iron_chestplate":1,"minecraft:iron_boots":1,"minecraft:shield":1,"minecraft:iron_axe":1,"minecraft:stick":32,"minecraft:iron_ingot":6,"minecraft:iron_leggings":1,"minecraft:white_bed":1}},"DataVersion":3953}