{"stats":{"minecraft:broken":{"minecraft:chainmail_helmet":1},"minecraft:mined":{"minecraft:spruce_planks":4,"minecraft:white_bed":1,"minecraft:torch":1,"minecraft:short_grass":14,"minecraft:grass_block":1,"minecraft:decorated_pot":6,"minecraft:melon":42,"minecraft:dead_bush":1,"minecraft:tall_grass":4,"minecraft:waxed_copper_bulb":3,"minecraft:birch_leaves":1,"minecraft:oak_log":2,"minecraft:cocoa":3,"minecraft:iron_bars":2,"minecraft:dirt":2,"minecraft:cobweb":2,"minecraft:white_wool":1,"minecraft:bamboo":16,"minecraft:oak_leaves":2,"minecraft:fern":7},"minecraft:used":{"minecraft:oak_planks":1,"minecraft:spruce_planks":19,"minecraft:shield":84,"minecraft:iron_sword":224,"minecraft:cooked_chicken":3,"minecraft:trial_key":4,"minecraft:golden_apple":1,"minecraft:torch":1,"minecraft:white_wool":9,"minecraft:mossy_cobblestone":1,"minecraft:dirt":3,"minecraft:mutton":11,"minecraft:crafting_table":1,"minecraft:carrot":5,"minecraft:white_bed":1,"minecraft:waxed_oxidized_copper":1,"minecraft:iron_axe":95,"minecraft:melon_slice":58,"minecraft:birch_sapling":1,"minecraft:iron_pickaxe":9,"minecraft:cobblestone":1,"minecraft:bow":20,"minecraft:beef":6,"minecraft:porkchop":6,"minecraft:waxed_copper_bulb":1,"minecraft:experience_bottle":13},"minecraft:custom":{"minecraft:mob_kills":57,"minecraft:open_barrel":1,"minecraft:interact_with_crafting_table":11,"minecraft:leave_game":2,"minecraft:time_since_death":93288,"minecraft:climb_one_cm":4591,"minecraft:sleep_in_bed":2,"minecraft:damage_absorbed":40,"minecraft:time_since_rest":60990,"minecraft:sprint_one_cm":220646,"minecraft:damage_taken":1689,"minecraft:walk_one_cm":328115,"minecraft:damage_blocked_by_shield":832,"minecraft:drop":29,"minecraft:damage_dealt":9244,"minecraft:swim_one_cm":3110,"minecraft:fly_one_cm":238894,"minecraft:open_chest":15,"minecraft:crouch_one_cm":354,"minecraft:play_time":93288,"minecraft:sneak_time":315,"minecraft:walk_under_water_one_cm":27904,"minecraft:jump":1229,"minecraft:interact_with_blast_furnace":6,"minecraft:walk_on_water_one_cm":4387,"minecraft:total_world_time":93288,"minecraft:interact_with_smoker":2,"minecraft:fall_one_cm":33182},"minecraft:crafted":{"minecraft:oak_planks":8,"minecraft:crafting_table":2,"minecraft:iron_sword":1,"minecraft:air":0,"minecraft:iron_boots":1,"minecraft:iron_chestplate":1,"minecraft:shield":1,"minecraft:iron_axe":1,"minecraft:stick":32,"minecraft:iron_ingot":6,"minecraft:iron_leggings":1,"minecraft:white_bed":1},"minecraft:dropped":{"minecraft:iron_ingot":7,"minecraft:iron_sword":1,"minecraft:porkchop":6,"minecraft:wheat_seeds":5,"minecraft:decorated_pot":1,"minecraft:rotten_flesh":8,"minecraft:leather":3,"minecraft:carrot":3,"minecraft:leather_helmet":1,"minecraft:stick":33,"minecraft:dirt":3,"minecraft:potato":1,"minecraft:scrape_pottery_sherd":1,"minecraft:spider_eye":14,"minecraft:bamboo":123,"minecraft:iron_bars":2,"minecraft:bow":2,"minecraft:brick":35,"minecraft:bone":5},"minecraft:picked_up":{"minecraft:cocoa_beans":6,"minecraft:ominous_bottle":1,"minecraft:golden_carrot":9,"minecraft:salmon":1,"minecraft:leather":3,"minecraft:potion":1,"minecraft:enchanted_book":1,"minecraft:waxed_copper_bulb":1,"minecraft:oak_log":2,"minecraft:shield":1,"minecraft:brick":35,"minecraft:wind_charge":18,"minecraft:lapis_lazuli":2,"minecraft:dirt":6,"minecraft:string":16,"minecraft:experience_bottle":13,"minecraft:bone":26,"minecraft:bow":3,"minecraft:wheat_seeds":5,"minecraft:spruce_planks":4,"minecraft:iron_ingot":26,"minecraft:beef":6,"minecraft:trial_key":11,"minecraft:cooked_chicken":3,"minecraft:bolt_armor_trim_smithing_template":1,"minecraft:iron_pickaxe":1,"minecraft:bamboo":123,"minecraft:melon_slice":208,"minecraft:birch_sapling":1,"minecraft:iron_sword":1,"minecraft:scrape_pottery_sherd":1,"minecraft:waxed_oxidized_copper":1,"minecraft:furnace":1,"minecraft:tipped_arrow":8,"minecraft:stick":20,"minecraft:raw_iron":11,"minecraft:torch":1,"minecraft:porkchop":12,"minecraft:cake":1,"minecraft:white_bed":1,"minecraft:carrot":8,"minecraft:spider_eye":15,"minecraft:mossy_cobblestone":1,"minecraft:decorated_pot":1,"minecraft:arrow":36,"minecraft:rotten_flesh":27,"minecraft:pumpkin_pie":11,"minecraft:breeze_rod":4,"minecraft:golden_apple":1,"minecraft:bread":6,"minecraft:chainmail_helmet":1,"minecraft:gold_ingot":2,"minecraft:emerald":8,"minecraft:music_disc_precipice":1,"minecraft:baked_potato":4,"minecraft:iron_bars":2,"minecraft:mutton":9,"minecraft:white_wool":17,"minecraft:cobblestone":1},"minecraft:killed":{"minecraft:husk":4,"minecraft:pig":2,"minecraft:salmon":1,"minecraft:spider":6,"minecraft:creeper":1,"minecraft:skeleton":21,"minecraft:sheep":7,"minecraft:zombie":6,"minecraft:breeze":2,"minecraft:silverfish":4,"minecraft:cow":3}},"DataVersion":3953}