{"stats":{"minecraft:used":{"minecraft:iron_axe":43,"minecraft:birch_sapling":1,"minecraft:iron_sword":6,"minecraft:white_wool":1,"minecraft:torch":1,"minecraft:dirt":3,"minecraft:carrot":5},"minecraft:picked_up":{"minecraft:cocoa_beans":6,"minecraft:stick":2,"minecraft:raw_iron":11,"minecraft:salmon":1,"minecraft:torch":1,"minecraft:oak_log":2,"minecraft:carrot":7,"minecraft:dirt":3,"minecraft:wheat_seeds":3,"minecraft:iron_ingot":19,"minecraft:bamboo":51,"minecraft:melon_slice":118,"minecraft:birch_sapling":1,"minecraft:mutton":1,"minecraft:white_wool":1},"minecraft:mined":{"minecraft:birch_leaves":1,"minecraft:torch":1,"minecraft:short_grass":8,"minecraft:oak_log":2,"minecraft:grass_block":1,"minecraft:melon":26,"minecraft:cocoa":3,"minecraft:dead_bush":1,"minecraft:dirt":2,"minecraft:bamboo":5,"minecraft:fern":2},"minecraft:custom":{"minecraft:time_since_rest":20552,"minecraft:sprint_one_cm":58214,"minecraft:damage_taken":154,"minecraft:walk_one_cm":54851,"minecraft:mob_kills":2,"minecraft:damage_dealt":267,"minecraft:swim_one_cm":3110,"minecraft:interact_with_crafting_table":8,"minecraft:fly_one_cm":53001,"minecraft:play_time":20552,"minecraft:sneak_time":4,"minecraft:walk_under_water_one_cm":18431,"minecraft:jump":277,"minecraft:interact_with_blast_furnace":6,"minecraft:time_since_death":20552,"minecraft:walk_on_water_one_cm":1046,"minecraft:climb_one_cm":2097,"minecraft:total_world_time":20552,"minecraft:interact_with_smoker":1,"minecraft:fall_one_cm":5175},"minecraft:killed":{"minecraft:sheep":1,"minecraft:salmon":1},"minecraft:crafted":{"minecraft:iron_boots":1,"minecraft:iron_chestplate":1,"minecraft:shield":1,"minecraft:iron_axe":1,"minecraft:stick":32,"minecraft:iron_ingot":6,"minecraft:iron_sword":1,"minecraft:iron_leggings":1,"minecraft:air":0}},"DataVersion":3953}