{"stats":{"minecraft:used":{"minecraft:iron_axe":76,"minecraft:melon_slice":19,"minecraft:birch_sapling":1,"minecraft:spruce_planks":1,"minecraft:shield":3,"minecraft:iron_sword":44,"minecraft:white_wool":1,"minecraft:torch":1,"minecraft:dirt":3,"minecraft:mutton":1,"minecraft:crafting_table":1,"minecraft:carrot":5,"minecraft:white_bed":1},"minecraft:picked_up":{"minecraft:cocoa_beans":6,"minecraft:stick":2,"minecraft:raw_iron":11,"minecraft:salmon":1,"minecraft:leather":3,"minecraft:torch":1,"minecraft:oak_log":2,"minecraft:carrot":7,"minecraft:string":2,"minecraft:spider_eye":1,"minecraft:dirt":3,"minecraft:rotten_flesh":4,"minecraft:wheat_seeds":4,"minecraft:beef":6,"minecraft:iron_ingot":19,"minecraft:chainmail_helmet":1,"minecraft:bamboo":123,"minecraft:iron_sword":1,"minecraft:melon_slice":208,"minecraft:birch_sapling":1,"minecraft:mutton":1,"minecraft:white_wool":1},"minecraft:mined":{"minecraft:birch_leaves":1,"minecraft:torch":1,"minecraft:short_grass":13,"minecraft:oak_log":2,"minecraft:grass_block":1,"minecraft:melon":42,"minecraft:cocoa":3,"minecraft:dead_bush":1,"minecraft:dirt":2,"minecraft:tall_grass":4,"minecraft:bamboo":16,"minecraft:oak_leaves":2,"minecraft:fern":6},"minecraft:dropped":{"minecraft:iron_sword":1,"minecraft:bamboo":123,"minecraft:leather_helmet":1},"minecraft:custom":{"minecraft:time_since_rest":254,"minecraft:sprint_one_cm":94079,"minecraft:damage_taken":362,"minecraft:walk_one_cm":100588,"minecraft:damage_blocked_by_shield":65,"minecraft:mob_kills":10,"minecraft:drop":4,"minecraft:damage_dealt":1451,"minecraft:swim_one_cm":3110,"minecraft:interact_with_crafting_table":11,"minecraft:fly_one_cm":104918,"minecraft:open_chest":2,"minecraft:play_time":32552,"minecraft:sneak_time":4,"minecraft:walk_under_water_one_cm":18431,"minecraft:jump":580,"minecraft:interact_with_blast_furnace":6,"minecraft:time_since_death":32552,"minecraft:walk_on_water_one_cm":1046,"minecraft:sleep_in_bed":2,"minecraft:climb_one_cm":2425,"minecraft:total_world_time":32552,"minecraft:interact_with_smoker":2,"minecraft:fall_one_cm":16351},"minecraft:killed":{"minecraft:sheep":1,"minecraft:zombie":3,"minecraft:salmon":1,"minecraft:spider":1,"minecraft:creeper":1,"minecraft:cow":3},"minecraft:crafted":{"minecraft:oak_planks":8,"minecraft:iron_boots":1,"minecraft:iron_chestplate":1,"minecraft:shield":1,"minecraft:iron_axe":1,"minecraft:crafting_table":1,"minecraft:stick":32,"minecraft:iron_ingot":6,"minecraft:iron_sword":1,"minecraft:iron_leggings":1,"minecraft:white_bed":1,"minecraft:air":0}},"DataVersion":3953}