{"stats":{"minecraft:picked_up":{"minecraft:stick":2,"minecraft:birch_sapling":1,"minecraft:torch":1,"minecraft:dirt":3},"minecraft:used":{"minecraft:birch_sapling":1,"minecraft:torch":1,"minecraft:dirt":3},"minecraft:mined":{"minecraft:grass_block":1,"minecraft:birch_leaves":1,"minecraft:dead_bush":1,"minecraft:dirt":2,"minecraft:torch":1},"minecraft:custom":{"minecraft:jump":78,"minecraft:time_since_rest":8552,"minecraft:damage_dealt":32,"minecraft:sprint_one_cm":21175,"minecraft:play_time":8552,"minecraft:damage_taken":129,"minecraft:time_since_death":8552,"minecraft:walk_one_cm":9770,"minecraft:sneak_time":4,"minecraft:total_world_time":8552,"minecraft:fall_one_cm":1856,"minecraft:fly_one_cm":15228}},"DataVersion":3953}