{"stats":{"minecraft:crafted":{"minecraft:oak_planks":8,"minecraft:iron_boots":1,"minecraft:iron_axe":1,"minecraft:crafting_table":2,"minecraft:iron_sword":1,"minecraft:air":0,"minecraft:iron_chestplate":1,"minecraft:shield":1,"minecraft:stick":32,"minecraft:iron_ingot":6,"minecraft:iron_leggings":1,"minecraft:white_bed":1},"minecraft:picked_up":{"minecraft:cocoa_beans":6,"minecraft:ominous_bottle":2,"minecraft:brown_mushroom":1,"minecraft:enchanted_book":1,"minecraft:potion":1,"minecraft:brick":35,"minecraft:shield":1,"minecraft:wind_charge":18,"minecraft:string":16,"minecraft:moss_carpet":3,"minecraft:experience_bottle":13,"minecraft:spruce_planks":4,"minecraft:beef":14,"minecraft:trial_key":11,"minecraft:azalea":1,"minecraft:iron_pickaxe":1,"minecraft:melon_slice":208,"minecraft:birch_sapling":1,"minecraft:waxed_oxidized_copper":1,"minecraft:furnace":1,"minecraft:tipped_arrow":14,"minecraft:stick":20,"minecraft:raw_iron":11,"minecraft:torch":1,"minecraft:porkchop":12,"minecraft:cake":1,"minecraft:carrot":8,"minecraft:arrow":39,"minecraft:rotten_flesh":29,"minecraft:tropical_fish":1,"minecraft:decorated_pot":1,"minecraft:pumpkin_pie":11,"minecraft:gold_ingot":2,"minecraft:mutton":9,"minecraft:iron_bars":2,"minecraft:white_wool":18,"minecraft:cobblestone":1,"minecraft:golden_carrot":9,"minecraft:salmon":1,"minecraft:leather":8,"minecraft:filled_map":1,"minecraft:waxed_copper_bulb":1,"minecraft:oak_log":2,"minecraft:lapis_lazuli":2,"minecraft:dirt":12,"minecraft:bone":29,"minecraft:bow":3,"minecraft:wheat_seeds":7,"minecraft:raw_gold":3,"minecraft:iron_ingot":26,"minecraft:cooked_chicken":3,"minecraft:bolt_armor_trim_smithing_template":1,"minecraft:bamboo":123,"minecraft:iron_sword":1,"minecraft:scrape_pottery_sherd":1,"minecraft:white_bed":1,"minecraft:spider_eye":15,"minecraft:mossy_cobblestone":1,"minecraft:breeze_rod":5,"minecraft:golden_apple":1,"minecraft:emerald":8,"minecraft:bread":6,"minecraft:chainmail_helmet":1,"minecraft:music_disc_precipice":1,"minecraft:baked_potato":4},"minecraft:custom":{"minecraft:mob_kills":69,"minecraft:interact_with_crafting_table":11,"minecraft:open_barrel":1,"minecraft:leave_game":5,"minecraft:time_since_death":216404,"minecraft:climb_one_cm":6233,"minecraft:sprint_one_cm":292402,"minecraft:walk_one_cm":466251,"minecraft:damage_blocked_by_shield":1147,"minecraft:drop":33,"minecraft:damage_dealt_absorbed":80,"minecraft:play_time":216404,"minecraft:sneak_time":846,"minecraft:walk_under_water_one_cm":52919,"minecraft:jump":2019,"minecraft:interact_with_blast_furnace":7,"minecraft:walk_on_water_one_cm":12172,"minecraft:total_world_time":216404,"minecraft:sleep_in_bed":3,"minecraft:time_since_rest":82733,"minecraft:damage_taken":2310,"minecraft:damage_absorbed":40,"minecraft:damage_dealt":11466,"minecraft:swim_one_cm":9534,"minecraft:fly_one_cm":390893,"minecraft:player_kills":1,"minecraft:open_chest":21,"minecraft:crouch_one_cm":412,"minecraft:interact_with_smoker":3,"minecraft:fall_one_cm":55527},"minecraft:broken":{"minecraft:chainmail_helmet":1,"minecraft:iron_sword":1},"minecraft:mined":{"minecraft:spruce_planks":4,"minecraft:white_bed":1,"minecraft:grass_block":1,"minecraft:decorated_pot":6,"minecraft:moss_block":1,"minecraft:iron_bars":2,"minecraft:bamboo":16,"minecraft:white_wool":6,"minecraft:brown_mushroom":1,"minecraft:torch":1,"minecraft:short_grass":17,"minecraft:melon":42,"minecraft:dead_bush":1,"minecraft:tall_grass":6,"minecraft:deepslate_gold_ore":3,"minecraft:waxed_copper_bulb":3,"minecraft:birch_leaves":1,"minecraft:oak_log":2,"minecraft:mycelium":7,"minecraft:cocoa":3,"minecraft:dirt":2,"minecraft:cobweb":2,"minecraft:oak_leaves":2,"minecraft:deepslate":6,"minecraft:fern":7},"minecraft:killed":{"minecraft:spider":6,"minecraft:phantom":1,"minecraft:skeleton":24,"minecraft:silverfish":4,"minecraft:tropical_fish":1,"minecraft:husk":4,"minecraft:pig":2,"minecraft:salmon":1,"minecraft:creeper":1,"minecraft:sheep":7,"minecraft:zombie":7,"minecraft:mooshroom":5,"minecraft:breeze":3,"minecraft:cow":3},"minecraft:used":{"minecraft:moss_carpet":3,"minecraft:spruce_planks":19,"minecraft:shield":105,"minecraft:iron_sword":265,"minecraft:cooked_chicken":3,"minecraft:trial_key":4,"minecraft:torch":1,"minecraft:dirt":9,"minecraft:mutton":11,"minecraft:carrot":5,"minecraft:waxed_oxidized_copper":1,"minecraft:iron_axe":105,"minecraft:birch_sapling":1,"minecraft:bow":38,"minecraft:beef":6,"minecraft:oak_planks":1,"minecraft:white_wool":24,"minecraft:golden_apple":1,"minecraft:mossy_cobblestone":1,"minecraft:crafting_table":1,"minecraft:white_bed":2,"minecraft:wind_charge":11,"minecraft:melon_slice":104,"minecraft:iron_pickaxe":18,"minecraft:cobblestone":1,"minecraft:porkchop":6,"minecraft:waxed_copper_bulb":1,"minecraft:experience_bottle":13},"minecraft:dropped":{"minecraft:iron_ingot":7,"minecraft:iron_sword":1,"minecraft:porkchop":6,"minecraft:wheat_seeds":5,"minecraft:ominous_bottle":2,"minecraft:decorated_pot":1,"minecraft:leather":3,"minecraft:leather_helmet":1,"minecraft:stick":33,"minecraft:dirt":3,"minecraft:scrape_pottery_sherd":1,"minecraft:bone":5,"minecraft:rotten_flesh":8,"minecraft:carrot":3,"minecraft:potato":1,"minecraft:tipped_arrow":6,"minecraft:spider_eye":14,"minecraft:bamboo":123,"minecraft:iron_bars":2,"minecraft:bow":2,"minecraft:brick":35}},"DataVersion":3953}